Name,Source,Size,Type,Alignment,Habitat,Main Habitat,Other Habitat,Treasure,AC,HP,Initiative,Walk,Burrow,Climb,Fly,Hover,Swim,STR Mod,INT Mod,DEX Mod,WIS Mod,CON Mod,CHA Mod,STR Save,INT Save,DEX Save,WIS Save,CON Save,CHA Save,Proficient,Expertise,Vulnerabilities,Resistances,Immunities Conditions,Immunities Damage,Blindsight,Darkvision,Truesight,Tremorsense,Passive Perception,Languages,CR,XP.,PB,Traits,# of Legendary Resistance,# of Atk,Atk 1 Type,Atk 1 Mod,Atk 1 Range,Atk 1 Range Short,Atk 1 Range Long,Atk 1 Dam.,Atk 1 Damage Type,Atk 2 Type,Atk 2 Mod,Atk 2 Range,Atk 2 Range short,Atk 2 Range Long,Atk 2 Dam.,Atk 2 Damage Type,Atk 3 Type,Atk 3 Mod,Atk 3 Range,Atk 3 Range short,Atk 3 Range Long,Atk 3 Dam.,Atk 3 Damage Type,Atk 4 Type,Atk 4 Mod,Atk 4 Range,Atk 4 Range short,Atk 4 Range Long,Atk 4 Dam.,Atk 4 Damage Type,Save DC,Saving Throw,Action Notes,Ability,Spell Save DC,Spell Saving Throws,Spell Attack,At Will,3/Day,2/Day,1/Day,Bonus Action,Reaction,Amount,Legendary Action Save DC,Legendary Action Saving Throw,Legendary Actions.,Lair,xp,Legendary Resistance,Legendary Actions,Lair Save DC,Lair Saving Throws,Other
Aarakocra Aeromancer,2024 Monster Manual,Medium,Elemental (Aarakocra),Neutral,"Mountain, Planar (Elemental Plane of Air)","Mountain, Planar",Elemental Plane of Air,"Implements, Individual",16,66,3,20,,,50,,,0,1,3,3,1,1,0,1,5,5,1,1,"Arcana, Nature",Perception,,,,,,,,,17,"Aarakocra, Primordial (Auran)",4,"1,100",2,,,3,Melee,5,5,,,18,"Bludgeoning, Lightning",Ranged,5,120,120,,18,"Bludgeoning, Lightning",,,,,,,,,,,,,,,,,,Wisdom,13,"Dexterity, Strength",5,"Elementalism, Gust of Wind, Mage Hand, Message",,,"Lightning Bolt, Feather Fall",,Feather Fall cast feather fall,,,,,,,,,,,
Aarakocra Skirmisher,2024 Monster Manual,Medium,Elemental (Aarakocra),Neutral,"Mountain, Planar (Elemental Plane of Air)","Mountain, Planar",Elemental Plane of Air,"Implements, Individual",12,11,2,20,,,50,,,0,0,2,1,1,0,0,0,2,1,1,0,,Perception,,,,,,,,,15,"Aarakocra, Primordial (Auran)",1/4,50,2,,,1,Melee,4,5,,,4,Slashing,Melee,4,5,,,7,"Piercing, Thunder",Ranged,4,30/120,30,120,7,"Piercing, Thunder",,,,,,,,,,Atk 1 if  moving 30ft+ 9 damage,,,,,,,,,,,,,,,,,,,,,
Aberrant Cultist,2024 Monster Manual,Medium or Small,Humanoid (Cultist),Neutral Evil,Any,Any,," Individual, Relics",14,137,7,30,,,,,,0,3,4,4,1,2,0,6,4,7,1,2,"Arcanna, Perception, Religion",,,,,,,90,,,17,"Common, Deep Speech, Telepathy",8,"3,900",3,,,2,Melee,7,10,,,21,"Slashing, Psychic",,,,,,,,,,,,,,,,,,,,,,15,Wisdom,"Atk 1 on hit grappled and restrained, Mind Rot within 90ft on fail poisoned",Wisdom,15,"Constitution, Wisdom",7,"Detect Thoughts, Minor Illusion",,Counterspell,,,Counterspell cast counterspell,,,,,,,,,,,
Aboleth,2024 Monster Manual,Large,Aberration,Lawful Evil,"Underdark, Underwater","Underdark, Underwater",,Relics,17,150,7,10,,,,,40,5,4,-1,2,2,4,5,8,3,6,6,4,,"History, Perception",,,,,120,,,,20,"Deep Speech, Telepathy",10,"5,900",4,"Amphibious, Eldritch Restoration, Mucus Cloud, Probing Telepathy",3,3,Melee,9,15,,,12,Bludgeoning,,,,,,,,,,,,,,,,,,,,,,16,"Intelligence, Wisdom","Akt 1 grapples, 30ft that is charmed or grappled takes 10 psychic damage and gains memories if target is reduced to 0, 30ft charmes",,,,,,,,,,,3,,,Makes another attack or regains 5hp,Yes,"7,200",4,4,15,Constitution,"On fail poisoned, Cast Project Image with a 1 mile range"
Abominable Yeti,2024 Monster Manual,Huge,Monstrosity,Chaotic Evil,Arctic,Arctic,,Any,15,137,4,40,,40,,,,7,-1,0,1,6,-1,7,-1,0,1,6,-1,,"Perception, Stealth",,,,Cold,,60,,,19,Yeti,9,"5,000",4,Fear of Fire,,3,Melee,11,5,,,21,"Slashing, Cold",Ranged,11,60/240,60,240,19,"Bludgeoning, Cold",,,,,,,,,,,,,,,18,Constitution,"Chilling Gaze within 30ft on fail 21 cold damage and paralyzed, Cold Breath recharges on 6 30ft cone on fail 45 cold damage",,,,,,,,,,,,,,,,,,,,,
Adult Black Dragon,2024 Monster Manual,Huge,Dragon (Chromatic),Chaotic Evil,Swamp,Swamp,,Relics,19,195,12,40,,,80,,40,6,2,2,1,5,4,6,2,7,6,5,4,Stealth,Perception,,,,Acid,60,120,,,21,"Common, Draconic",14,"11,500",5,Amphibious,3,3,Melee,11,10,,,17,"Slashing, Acid",Ranged,9,90,90,,32,Acid,,,,,,,,,,,,,,,18,Dexterity,"Acid Breath recharges on 5-6 Dex save 60ft 5ft wide line 54 Acid, Akt 2 is a casting of Melf's Acid Arrow",Charisma,17,"Dexterity, Wisdom",9,"Detect Magic, Fear, Melf's Acid Arrow (3rd level)",,,"Speak with Dead, Vitriolic Sphere",,,3,17,"Dexterity, Wisdom","22 poison and disadv on con. saves,  Frightful Presence, Pounce",Yes,"13,000",4,4,15,Constitution,On fail Poisoned
Adult Blue Dragon,2024 Monster Manual,Huge,Dragon (Chromatic),Lawful Evil,"Coastal, Desert","Coastal, Desert",,Relics,19,212,10,40,30,,80,,,7,3,0,2,6,5,7,3,5,7,6,5,Stealth,Perception,,,,Lightning,60,120,,,22,"Common, Draconic",16,"15,000",5,,3,3,Melee,12,10,,,21,"Slashing, Lighting",Range AOE,,60,,,14,Thunder,,,,,,,,,,,,,,,19,Dexterity,Lightning Breath recharges on 5-6 90ft 5ft wide line 60 lightning,Charisma,18,"Constitution, Wisdom",10,"Detect Magic, Invincibility, Mage Hand, Shatter",,,"Scrying, Sending",,,3,18,Constitution,"Cast invisibility and fly 1/2, Cast shatter, Makes an attack",Yes,"18,000",4,4,15,Dexterity,On fail fall into a 2d4 * 10 hole
Adult Brass Dragon,2024 Monster Manual,Huge,Dragon (Metallic),Chaotic Good,Desert,Desert,,Arcana,18,172,10,40,30,,80,,,6,2,0,1,5,3,6,2,5,6,5,3,"History, Persuasion, Stealth",Perception,,,,Fire,60,120,,,21,"Common, Draconic",13,"10,000",5,,3,3,Melee,11,10,,,21,"Slashing, Fire",Ranged,8,120,120,,21,Fire,,,,,,,,,,,,,,,18,"Dexterity, Constitution","Akt 2 is casting scorching ray, Fire Breath recharges on 5-6 60ft 5ft wide line 45 fire damage, Sleep Breath 60ft coone cause incapacitated and possibly unconscious",Charisma,16,Wisdom,8,"Detect Magic, Minor Illusion, Scorching Ray, Shapechange, Speak with Animals",,,"Detect Thoughts, Control Weather",,,3,16,Dexterity,"Cast scorching Ray, Pounce, 27 fire damage and 1/2 speed of target's",Yes,"11,500",4,4,,,Can cast Major Image
Adult Bronze Dragon,2024 Monster Manual,Huge,Dragon (Metallic),Lawful Good,Coastal,Coastal,, Implements,18,212,10,40,,,80,,40,7,3,0,2,6,5,7,3,5,7,6,5,"Insight, Stealth",Perception,,,,Lightning,60,120,,,22,"Common, Draconic",15,"13,000",5,Amphibious,3,3,Melee,12,10,,,21,"Slashing, Lighting",Ranged,10,120,120,,18,Radiant,,,,,,,,,,,,,,,19,"Dexterity, Strength","Akt 2 is casting Guiding Bolt (level 2), Lightning Breath recharges on 5-6 90ft 5ft wide line 55 lightning, Repulsion Breath 30ft coone targets are pushed 60ft and are prone",Charisma,17,Wisdom,10,"Detect Magic, Guiding Bolt (level 2), Shapechange, Speak with Animals, Thaumaturgy",,,"Detect Thoughts, Water Breathing",,,3,17,Constitution,"Cast Guiding Bolt, Pounce, 10 thunder damage and makes deafened",Yes,"15,000",4,4,,,Can cast Control Weather
Adult Copper Dragon,2024 Monster Manual,Huge,Dragon (Metallic),Chaotic Good,Hill,Hill,,Arcana,18,184,11,40,,40,80,,,6,4,1,2,5,4,6,4,6,7,5,4,"Deception, Stealth",Perception,,,,Acid,60,120,,,22,"Common, Draconic",14,"11,500",5,,3,3,Melee,11,10,,,21,"Slashing, Acid",Ranged,,120,120,,23,Psychic,,,,,,,,,,,,,,,18,"Dexterity, Constitution","Akt 2 is casting mind spike (level 4), Acid Breath recharges on 5-6 60ft 5ft wide line 54 acid damage, Slowing Breath 60ft coone target's speed is halved and can't take reactions, and either an action or bonus action",Charisma,17,Wisdom,9,"Detect Magic, Mind Spike (level 4), Minor Illusion, Shapechange",,,"Greater Restoration, Major Image",,,3,17,Charisma,"24 psychic damage and -1d6 on ability checks and attack rolls, Cast Mind Spike (level 4), Pounce",Yes,"13,000",4,4,15,Wisdom,On fail incapacitated
Adult Deep Dragon, Forgotten Realms: Adventures in Faerûn,Huge,Dragon,Neutral Evil,Underdark,Underdark,,Arcana,17,161,10,40,30,,80,,40,5,3,2,3,3,4,5,3,6,7,3,4,,"Perception, Stealth",,"Poison, Psychic","Charmed, Frightened, Poisoned",,60,150,,,21,"Common, Draconic, Undercommon",11,"7,200",4,,3,3,Melee,9,10,,,19,"Slashing, Poison",,,,,,,,,,,,,,,,,,,,,,15,Wisdom,30ft Cone on fail 38 psychic damage and frightened,,,,,,,,,Shap-Shift,,3,15,Constitution,"Pounce: move 1/2 speed and atk, Spore Salvo 30ft on fail save 13 poison and poisoned",Yes,"8,400",4,4,,,"Preservation of Knowledge: Books and other written forms of communication within 1 mile is protected, Restless Sleep: DC 10 Con on fail do not reduce exhaustion level, Verdant Growth: Plants grow faster"
Adult Gold Dragon,2024 Monster Manual,Huge,Dragon (Metallic),Lawful Good,"Forest, Grassland","Forest, Grassland",,Arcana,19,243,14,40,,,80,,40,8,3,2,2,7,7,8,3,8,8,7,7,"Insight, Persuasion, Stealth",Perception,,,,Fire,60,120,,,24,"Common, Draconic",17,"18,000",6,Amphibious,3,3,Melee,14,10,,,21,"Slashing, Fire",Ranged,13,120,120,,18,Radiant,,,,,,,,,,,,,,,21,"Dexterity, Strength","Akt 2 is casting guiding bolt (level 2), Fire Breath recharge on 5-6 60ft coone 66 fire damage, Waking Breath 60ft coone disadvantage on strength-based rolls and -3 on damage rolls",Charisma,21,"Charisma, Dexterity",13,"Detect Magic, Guiding Bolt (level 2), shapechange",,,"Flame Strike, Zone of Truth",,,3,21,Charisma,"One target in 120ft 10 force damage and is incapacitated, Cast Guiding Bolt (level 2), Pounce",Yes,"20,000",4,4,,,Can cast Dream up to 6 miles
Adult Green Dragon,2024 Monster Manual,Huge,Dragon (Chromatic),Lawful Evil,Forest,Forest,,Arcana,19,207,11,40,,,80,,40,6,4,1,2,5,4,6,4,6,7,5,4,"Deception, Persuasion, Stealth",Perception,,,Poisoned,Poison,60,120,,,22,"Common, Draconic",15,"13,000",5,Amphibious,3,3,Melee,11,10,,,22,"Slashing, Poison",Ranged,,120,120,,14,Psychic,,,,,,,,,,,,,,,18,Constitution,"Akt 2 is casting Mind Spike (level 3), Poison Breath recharge 5-6 60ft coone 56 poison damage",Charisma,17,Wisdom,9,"Detect Magic, Mind Spike (level 3)",,,Geas,,,3,17,Constitution,"Cast Mind Spike (level 3), 20ft Sphere 7 poison damage and -2 to AC, Pounce",Yes,"15,000",4,4,15,Constitution,On fail Poisoned
Adult Red Dragon,2024 Monster Manual,Huge,Dragon (Chromatic),Chaotic Evil,"Hill, Mountain","Hill, Mountain",,Any,19,256,12,40,,40,80,,,8,3,0,1,7,6,8,3,6,7,7,6,Stealth,Perception,,,,Fire,60,120,,,23,"Common, Draconic",17,"18,000",6,,3,3,Melee,14,10,,,18,"Slashing, Fire",Ranged,12,120,120,,21,Fire,,,,,,,,,,,,,,,21,Dexterity,"Akt 2 is casting Scorching Ray, Fire Breath recharge on 5-6 60ft coone 59 fire damage",Charisma,20,"Dexterity, Wisdom",12,"Command (level 2), Detect Magic, Scorching Ray",,,Fireball,,,3,20,Wisdom,"Cast Command (level 2), Cast Scorching Ray, Pounce",Yes,"20,000",4,4,15,Constitution,On fail Poisoned
Adult Silver Dragon,2024 Monster Manual,Huge,Dragon (Metallic),Lawful Good,"Mountain, Urban","Mountain, Urban",,Arcana,19,216,10,40,,,80,,,8,3,0,1,7,6,8,3,5,6,7,6,"History, Stealth",Perception,,,,Cold,60,120,,,21,"Common, Draconic",16,"15,000",5,,3,3,Melee,13,10,,,21,"Slashing, Cold",Ranged,11,60,60,,12,"Piercing, Cold",,,,,,,,,,,,,,,20,Constitution,"Akt 2 is casting ice knife and failing the saving through, Cold Breath 60ft coone 54 cold damage, Paralyzing breath 60ft coone on fail incapacitated second fail paralyzed",Charisma,19,"Charisma, Dexterity, Wisdom",11,"Detect Magic, Hold Monster, Ice Knife, Shapechange",,,"Ice Storm (level 5), Zone of Truth",,,3,18,Dexterity,"Cast Hold Monster, 60ft long 10ft wide 14 cold damage and target is pushed 30ft, Pounce",Yes,"18,000",4,4,,,Cast Control Weather
Adult Spirit Dragon, Forgotten Realms: Adventures in Faerûn,Huge,Dragon,Neutral,Any,Any,,Any,18,207,7,40,30,,80,,,6,5,2,2,5,4,6,5,7,2,10,4,"History, Insight, Perception, Stealth",,,Necrotic,,,30,120,,,17,"Common, Draconic, telepathy",15,"13,000",5,,3,3,Melee,11,10,,,22,"Slashing, Necrotic",,,,,,,,,,,,,,,,,,,,,,18,"Constitution, Wisdom","Ruinous Breath: 60ft cone con save on fail 63 necrotic damage, TimeWarping Breath: 60ft cone wis save on fail target's speed is 1/2 and can only take a bonus action or an action",Intelligence,18,,10,"Detect Magic, Shapechange, Thunderwave",,,Legend Lore,,,3,18,Strength,"Pounce: move 1/2 speed and atk, Shattering Wave: cast thunderwave, Unearth Ruins: 20ft radius 60ft high cylinder within 120ft diffcult terrain on fail save 5 bludgeoning and prone",Yes,"15,000",4,4,18,Strength,"Enchanted Acoustics: Creatures within a mile have advantage on perfomance checks involving singing or playing music and have disadvantage on being charmed, Time Distortion: Creatures age 1/10 the speed."
Adult White Dragon,2024 Monster Manual,Huge,Dragon (Chromatic),Chaotic Evil,Arctic,Arctic,,Arcana,18,200,10,40,30,,80,,40,6,-1,0,1,6,1,6,-1,5,6,6,1,Stealth,Perception,,,,Cold,60,120,,,21,"Common, Draconic",13,"10,000",5,Ice Walk,3,3,Melee,11,10,,,17,"Slashing, Cold",,,,,,,,,,,,,,,,,,,,,,19,"Constitution, Wisdom",Cold Breath 60ft coone 54 cold damage,,,,,,,,,,,3,14,Constitution,"30ft sphere 7 cold damage and speed reduced to 0, Cast Fear, Pounce",Yes,"11,500",4,4,15,Constitution,On fail speed reduced by 10ft
Air Elemental,2024 Monster Manual,Large,Elemental,Neutral,"Desert, Mountain, Planar (Elemental Plane of Air)","Desert, Mountain, Planar",Elemental Plane of Air,None,15,90,5,10,,,90,90,,2,-2,5,0,2,-2,2,-2,5,0,2,-2,,,,"Bludgeoning, Lightning, Piercing, Slashing","Exhaustion, Grappled, Paralyzed, Petrified, Poisoned, Prone, Restrained, Unconscious","Poison, Thunder",,60,,,10,Primordial (Auran),5,"1,800",3,Air Form,,2,Melee,8,10,,,14,Thunder,,,,,,,,,,,,,,,,,,,,,,13,Strength,Whirlwind recharges on 5-6 one target on fail 24 thunder damage pushed 20ft and prone,,,,,,,,,,,,,,,,,,,,,
Allosaurus,2024 Monster Manual,Large,Beast (Dinosaur),Unaligned,Grassland,Grassland,,None,13,51,1,60,,,,,,4,-4,1,1,3,-3,4,-4,1,1,3,-3,,Perception,,,,,,,,,15,None,2,450,2,,,1,Melee,6,5,,,15,Piercing,,6,,,,8,Slashing,,,,,,,,,,,,,,,,,Claw attack give prone condition,,,,,,,,,,,,,,,,,,,,,
Ancient Black Dragon,2024 Monster Manual,Gargantuan,Dragon (Chromatic),Chaotic Evil,Swamp,Swamp,,Relics,22,367,16,40,,,80,,40,8,3,2,2,7,6,8,3,7,7,7,6,Stealth,Perception,,,,Acid,60,120,,,26,"Common, Draconic",21,"33,000",7,Amphibious,4,3,Melee,15,15,,,26,"Slashing, Acid",Ranged,13,90,90,,41,Acid,,,,,,,,,,,,,,,22,Dexterity,"Acid Breath recharges on 5-6 Dex save 90ft 10ft wide line 67 Acid, Akt 2 is a casting of Melf's Acid Arrow",Charisma,21,"Dexterity, Wisdom",13,"Detect Magic, Fear, Melf's Acid Arrow (4th level)",,,"Create Undead, Speak with Dead, Vitriolic Sphere (5th Level)",,,3,21,"Dexterity, Wisdom","33 poison and disadv on con. saves,  Frightful Presence, Pounce",Yes,"41,000",5,4,15,Constitution,On fail Poisoned
Ancient Blue Dragon,2024 Monster Manual,Gargantuan,Dragon (Chromatic),Lawful Evil,"Coastal, Desert","Coastal, Desert",,Relics,22,481,14,40,40,,80,,,9,4,0,3,8,7,9,4,7,10,8,7,Stealth,Perception,,,,Lightning,60,120,,,27,"Common, Draconic",23,"50,000",7,,4,3,Melee,16,5,,,29,"Slashing, Lighting",Range AOE,,60,,,18,Thunder,,,,,,,,,,,,,,,23,Dexterity,Lightning Breath recharges on 5-6 120ft 10ft wide line 88 lightning,Charisma,22,"Constitution, Wisdom",14,"Detect Magic, Invincibility, Mage Hand, Shatter (Level 3)",,,"Scrying, Sending",,,3,22,Constitution,"Cast invisibility and fly 1/2, Cast shatter (level 3), Makes an attack",Yes,"62,000",5,4,15,Dexterity,On fail fall into a 2d4 * 10 hole
Ancient Brass Dragon,2024 Monster Manual,Gargantuan,Dragon (Metallic),Chaotic Good,Desert,Desert,,Arcana,20,332,12,40,40,,80,,,8,3,0,2,7,6,8,3,6,8,7,6,"History, Persuasion, Stealth",Perception,,,,Fire,60,120,,,24,"Common, Draconic",20,"25,000",6,,4,3,Melee,14,15,,,26,"Slashing, Fire",Ranged,12,120,120,,28,Fire,,,,,,,,,,,,,,,21,"Dexterity, Constitution","Akt 2 is casting scorching ray (3rd level), Fire Breath recharges on 5-6 90ft 5ft wide line 58 fire damage, Sleep Breath 90ft coone cause incapacitated and possibly unconscious",Charisma,20,Wisdom,12,"Detect Magic, Minor Illusion, Scorching Ray (level 3), Shapechange, Speak with Animals",,,"Detect Thoughts, Control Weather",,,3,20,Dexterity,"Cast scorching Ray (level 3), Pounce, 38 fire damage and 1/2 speed of target's",Yes,"33,000",5,4,,,Can cast Major Image
Ancient Bronze Dragon,2024 Monster Manual,Gargantuan,Dragon (Metallic),Lawful Good,Coastal,Coastal,, Implements,22,444,14,40,,,80,,40,9,4,0,3,8,7,9,4,7,10,8,7,"Insight, Stealth",Perception,,,,Lightning,60,120,,,27,"Common, Draconic",22,"41,000",7,Amphibious,4,3,Melee,16,15,,,27,"Slashing, Lighting",Ranged,10,120,120,,18,Radiant,,,,,,,,,,,,,,,23,"Dexterity, Strength","Akt 2 is casting Guiding Bolt (level 2), Lightning Breath recharges on 5-6 120ft 10ft wide line 82 lightning, Repulsion Breath 30ft coone targets are pushed 60ft and are prone",Charisma,22,Wisdom,14,"Detect Magic, Guiding Bolt (level 2), Shapechange, Speak with Animals, Thaumaturgy",,,"Detect Thoughts, Control Water, Scrying, Water Breathing",,,3,22,Constitution,"Cast Guiding Bolt, Pounce, 13 thunder damage and makes deafened",Yes,"50,000",5,4,,,Can cast Control Weather
Ancient Copper Dragon,2024 Monster Manual,Gargantuan,Dragon (Metallic),Chaotic Good,Hill,Hill,,Arcana,21,367,15,40,,40,80,,,8,5,1,3,7,6,8,5,8,10,7,6,"Deception, Stealth",Perception,,,,Acid,60,120,,,27,"Common, Draconic",21,"33,000",7,,4,3,Melee,15,15,,,28,"Slashing, Acid",Ranged,,120,120,,27,Psychic,,,,,,,,,,,,,,,22,"Dexterity, Constitution","Akt 2 is casting mind spike (level 5), Acid Breath recharges on 5-6 60ft 5ft wide line 54 acid damage, Slowing Breath 60ft coone target's speed is halved and can't take reactions, and either an action or bonus action",Charisma,21,Wisdom,13,"Detect Magic, Mind Spike (level 5), Minor Illusion, Shapechange",,,"Greater Restoration, Major Image, Project Image",,,3,21,Charisma,"31 psychic damage and -1d8 on ability checks and attack rolls, Cast Mind Spike (level 5), Pounce",Yes,"41,000",5,4,15,Wisdom,On fail incapacitated
Ancient Deep Dragon, Forgotten Realms: Adventures in Faerûn,Gargantuan,Dragon,Neutral Evil,Underdark,Underdark,,Arcana,20,247,15,40,40,,80,,40,6,4,3,4,6,5,6,4,9,10,6,5,,"Perception, Stealth",,"Poison, Psychic","Charmed, Frightened, Poisoned",,60,300,,,26,"Common, Draconic, Undercommon",18,"20,000",3,,4,3,Melee,12,15,,,22,"Slashing, Poison",,,,,,,,,,,,,,,,,,,,,,20,Wisdom,90ft Cone on fail 44 psychic damage and frightened,,,,,,,,,Shap-Shift,,3,20,Constitution,"Pounce: move 1/2 speed and atk, Spore Salvo 30ft on fail save 13 poison and poisoned",Yes,"22,000",5,4,,,"Preservation of Knowledge: Books and other written forms of communication within 1 mile is protected, Restless Sleep: DC 10 Con on fail do not reduce exhaustion level, Verdant Growth: Plants grow faster"
Ancient Gold Dragon,2024 Monster Manual,Gargantuan,Dragon (Metallic),Lawful Good,"Forest, Grassland","Forest, Grassland",,Arcana,22,546,16,40,,,80,,40,10,4,2,3,9,9,10,4,9,10,9,9,"Insight, Persuasion, Stealth",Perception,,,,Fire,60,120,,,27,"Common, Draconic",24,"62,000",7,Amphibious,4,3,Melee,17,15,,,28,"Slashing, Fire",Ranged,16,120,120,,25,Radiant,,,,,,,,,,,,,,,24,"Dexterity, Strength","Akt 2 is casting guiding bolt (level 4), Fire Breath recharge on 5-6 90ft coone 71 fire damage, Waking Breath 90ft coone disadvantage on strength-based rolls and -5 on damage rolls",Charisma,24,"Charisma, Dexterity",16,"Detect Magic, Guiding Bolt (level 4), shapechange",,,"Flame Strike (Level 6), Word of Recall, Zone of Truth",,,3,24,Charisma,"One target in 120ft 24 force damage and is incapacitated, Cast Guiding Bolt (level 4), Pounce",Yes,"75,000",5,4,,,Can cast Dream up to 6 miles
Ancient Green Dragon,2024 Monster Manual,Gargantuan,Dragon (Chromatic),Lawful Evil,Forest,Forest,,Arcana,21,402,15,40,,,80,,40,8,5,1,3,7,6,8,5,8,10,7,6,"Deception, Persuasion, Stealth",Perception,,,Poisoned,Poison,60,120,,,27,"Common, Draconic",22,"41,000",7,Amphibious,4,3,Melee,15,15,,,27,"Slashing, Poison",Ranged,,120,120,,21,Psychic,,,,,,,,,,,,,,,22,Constitution,"Akt 2 is casting Mind Spike (level 5), poison Breath recharge 5-6 90ft coone 77 poison damage",Charisma,21,Wisdom,13,"Detect Magic, Mind Spike (level 5)",,,"Geas, Modify Memory",,,4,21,Constitution,"Cast Mind Spike (level 5), 30ft Sphere 17 poison damage and -2 to AC, Pounce",Yes,"50,000",5,4,15,Constitution,On fail Poisoned
Ancient Red Dragon,2024 Monster Manual,Gargantuan,Dragon (Chromatic),Chaotic Evil,"Hill, Mountain","Hill, Mountain",,Any,22,507,14,40,,40,80,,,10,4,0,2,9,8,10,4,7,9,9,8,Stealth,Perception,,,,Fire,60,120,,,26,"Common, Draconic",24,"62,000",7,,4,3,Melee,17,15,,,29,"Slashing, Fire",Ranged,15,120,120,,28,Fire,,,,,,,,,,,,,,,24,Dexterity,"Akt 2 is casting Scorching Ray (Level 3), Fire Breath recharge on 5-6 90ft coone 91 fire damage",Charisma,23,"Dexterity, Wisdom",15,"Command (level 2), Detect Magic, Scorching Ray (level 3)",,,"Fireball (level 6), Scrying",,,3,23,Wisdom,"Cast Command (level 2), Cast Scorching Ray (level 3), Pounce",Yes,"75,000",5,4,15,Constitution,On fail Poisoned
Ancient Silver Dragon,2024 Monster Manual,Gargantuan,Dragon (Metallic),Lawful Good,"Mountain, Urban","Mountain, Urban",,Arcana,22,468,14,40,,,80,,,10,4,0,2,9,8,10,4,7,9,9,8,"History, Stealth",Perception,,,,Cold,60,120,,,26,"Common, Draconic",23,"50,000",7,,4,3,Melee,17,15,,,28,"Slashing, Cold",Ranged,15,60,60,,16,"Piercing, Cold",,,,,,,,,,,,,,,24,Constitution,"Akt 2 is casting ice knife (level 2) and failing the saving through, Cold Breath 60ft coone 54 cold damage, Paralyzing breath 60ft coone on fail incapacitated second fail paralyzed",Charisma,23,"Charisma, Dexterity, Wisdom",15,"Detect Magic, Hold Monster, Ice Knife (level 2), Shapechange",,,"Ice Storm (level 7), Teleport, Zone of Truth",,,3,23,Dexterity,"Cast Hold Monster, 60ft long 10ft wide 14 cold damage and target is pushed 30ft, Pounce",Yes,"62,000",5,4,,,Cast Control Weather
Ancient Spirit Dragon, Forgotten Realms: Adventures in Faerûn,Gargantuan,Dragon,Neutral,Any,Any,,Any,21,420,9,40,30,,80,,,8,7,2,4,7,6,8,7,9,4,14,6,"History, Insight, Perception, Stealth",,,Necrotic,,,60,120,,,21,"Common, Draconic, telepathy",22,"41,000",7,,4,3,Melee,15,15,,,28,"Slashing, Necrotic",,,,,,,,,,,,,,,,,,,,,,22,"Constitution, Wisdom","Ruinous Breath: 60ft cone con save on fail 63 necrotic damage, TimeWarping Breath: 60ft cone wis save on fail target's speed is 1/2 and can only take a bonus action or an action",Intelligence,22,,14,"Detect Magic, Shapechange, Thunderwave",,,"Legend Lore, Sequester",,,3,22,Strength,"Pounce: move 1/2 speed and atk, Shattering Wave: cast thunderwave, Unearth Ruins: 20ft radius 60ft high cylinder within 120ft diffcult terrain on fail save 5 bludgeoning and prone",Yes,"50,000",5,4,18,Strength,"Enchanted Acoustics: Creatures within a mile have advantage on perfomance checks involving singing or playing music and have disadvantage on being charmed, Time Distortion: Creatures age 1/10 the speed."
Ancient White Dragon,2024 Monster Manual,Gargantuan,Dragon (Chromatic),Chaotic Evil,Arctic,Arctic,,Arcana,20,333,12,40,40,,80,,40,8,0,0,1,8,4,8,0,6,7,8,4,Stealth,Perception,,,,Cold,60,120,,,23,"Common, Draconic",20,"25,000",6,Ice Walk,4,3,Melee,14,15,,,24,"Slashing, Cold",,,,,,,,,,,,,,,,,,,,,,22,"Constitution, Wisdom",Cold Breath 90ft coone 63 cold damage,,,,,,,,,,,3,20,Constitution,"30ft sphere 14 cold damage and speed reduced to 0, Cast Fear, Pounce",Yes,"33,000",5,4,15,Constitution,On fail speed reduced by 10ft
Animal Lord,2024 Monster Manual,Medium,Celestial,Neutral,Planar (Beastlands),Planar,Beastlands,Relics,19,323,19,60,,,60,60,60,7,4,7,6,5,6,7,4,7,12,11,6,"Acrobatics, Athletics, Stealth",Perception,,"Cold, Fire, Necrotics, Psychic, Radiant","Charmed, Frightened, Stunned",,,,120,,28,All,20,"25,000",6,"Animal Lordship, Lordly Presence, Captivated (Forager), Fearful (Hunter), Mired (Sage), Magic Resistance",4,3,Melee,13,5,,,21,"Slashing, Force",Ranged,12,120,120,,20,Radiant,,,,,,,,,,,,,,,20,"Wisdom, Dexterity","Animal Spirit 28 radiant damage, Fortify (Forger) 20 temp. HP, Marked as Prey (Hunter) Advantage on attacks, Pesky Swarm (Sage) Target has disadvantage on attacks and ability checks",Wisdom,20,Constitution,12,"Animal Friendship, Animal Messenger, Speak with Animals",,"Awaken, Greater Restoration","Animal Shapes, Sunburst",Shape-Shift,,3,,,"Makes another Akt and moves half its speed, makes another range Akt",,,,,,,
Animated Armor,2024 Monster Manual,Medium,Construct (Animated),Unaligned,Urban,Urban,,None,18,33,2,25,,,,,,2,-5,0,-4,1,-5,2,-5,0,-4,1,-5,,,,,"Charmed, Deafened, Exhaustion, Frightened, Paralyzed, Petrified, Poisoned","Poison, Psychic",60,,,,6,None,1,200,2,,,2,Melee,4,5,,,5,Bludgeoning,,,,,,,,,,,,,,,,,,,,,,,,,,,,,,,,,,,,,,,,,,,,,
Animated Broom,2024 Monster Manual,Small,Construct (Animated),Unaligned,Urban,Urban,,None,15,14,5,5,,,50,50,,0,-5,3,-3,0,-5,0,-5,3,-3,0,-5,,,,,"Charmed, Deafened, Exhaustion, Frightened, Paralyzed, Petrified, Poisoned","Poison, Psychic",60,,,,7,None,1/4,50,2,Flyby,,1,Melee,5,5,,,5,Bludgeoning,,,,,,,,,,,,,,,,,,,,,,,,,,,,,,,,,,,,,,,,,,,,,
Animated Flying Sword,2024 Monster Manual,Small,Construct (Animated),Unaligned,Urban,Urban,,None,17,14,4,5,,,50,50,,1,-5,2,-3,0,-5,1,-5,4,-3,0,-5,,,,,"Charmed, Deafened, Exhaustion, Frightened, Paralyzed, Petrified, Poisoned","Poison, Psychic",60,,,,7,None,1/4,50,2,,,1,Melee,4,5,,,6,Slashing,,,,,,,,,,,,,,,,,,,,,,,,,,,,,,,,,,,,,,,,,,,,,
Animated Rug of Smothering,2024 Monster Manual,Large,Construct (Animated),Unaligned,Urban,Urban,,None,12,27,4,10,,,,,,3,-5,2,-4,0,-5,3,-5,2,-4,0,-5,,,,,"Charmed, Deafened, Exhaustion, Frightened, Paralyzed, Petrified, Poisoned","Poison, Psychic",60,,,,6,None,2,450,2,,,1,Melee,5,5,,,10,Bludgeoning,,,,,,,,,,,,,,,,,,,,,,,,Akt 1 on hit grappled blinded restrained and suffocating,,,,,,,,,,,,,,,,,,,,,
Ankheg,"2024 Monster Manual,  Stranger Things: Welcome to the Hellfire Club",Large,Monstrosity,Unaligned,"Forest, Grassland","Forest, Grassland",,None,14,45,0,30,10,,,,,3,-5,0,1,2,-2,3,-5,0,1,2,-2,,,,,,,,60,,60,11,None,2,450,2,Tunneler,,1,Melee,5,5,,,13,"Slashing, Acid",,,,,,,,,,,,,,,,,,,,,,12,Dexterity,Acid Spray 30ft long 5ft wide line on fail 14 acid damage,,,,,,,,,,,,,,,,,,,,,
Ankylosaurus,2024 Monster Manual,Huge,Beast (Dinosaur),Unaligned,Grassland,Grassland,,None,15,68,0,30,,,,,,4,-4,0,1,2,-3,6,-4,0,1,2,-3,,,,,,,,,,,11,None,3,700,2,,,2,Melee,6,5,,,9,Bludgeoning,,,,,,,,,,,,,,,,,,,,,,,,Gives Prone Condition,,,,,,,,,,,,,,,,,,,,,
Ape,2024 Monster Manual,Medium,Beast,Unaligned,Forest,Forest,,None,12,19,2,30,,30,,,,3,-2,2,1,2,-2,3,-2,2,1,2,-2,"Athletics, Perception",,,,,,,,,,13,None,1/2,100,2,,,2,Melee,5,5,,,5,Bludgeoning,Ranged,5,25/50,25,50,10,Bludgeoning,,,,,,,,,,,,,,,,,Attack 2 Recharges on 6,,,,,,,,,,,,,,,,,,,,,
Aranea, Forgotten Realms: Adventures in Faerûn,Medium,Monstrosity,Neutral,"Forest, Swamp","Forest, Swamp",,Individual,14,66,3,30,,30,,,,0,1,3,0,1,2,0,1,3,0,1,2,"Perception, Stealth",,,,,,,60,,,12,Common,2,450,2,"Spider Climb, Web Walker",,2,Melee,5,5,,,8,"Piercing, Poison",Melee,5,5,,,7,Bludgeoning,Ranged,5,30/120,30,120,8,Bludeoning,,,,,,,,,,,Charisma,12,Wisdom,4,"Friends, Silent Image",,,Hold Person,Shape-Shift,,,,,,,,,,,,
Arcanaloth,2024 Monster Manual,Medium,Fiend (Yugoloth),Neutral Evil,Planar (Lower Planes),Planar,Lower Planes,Arcana,18,175,5,30,,,30,30,,3,5,1,3,2,3,3,9,5,7,6,3,"Arcana, Deception, Insight, Perception",,,"Cold, Fire, Lightning","Charmed, Poisoned","Acid, Poison",,,120,,17,"All, Telepathy",12,"8,400",4,"Fiendish Restoration, Magic Resistance, Soul Tome",,3,Melee,9,5,,,31,Necrotic,Ranged,9,5,5,,120,Necrotic,Melee,9,5,,,29,"Slashing, Psychic",,,,,,,,17,Charisma,On a fail saved the target is incapacitated and on 3 more fails it stay incapacitated,Intelligence,17,"Constitution, Wisdom",9,"Alter Self, Counterspell, Detect Magic, Identify, Mage Hand, Prestidigitation",,,"Contact Other Plane, Detect Thoughts, Dimension Door, Mind Blank",Teleport up to 30ft,Cast Counterspell,,,,,,,,,,,
Arch-hag,2024 Monster Manual,Large,Fey (Hag),Neutral Evil,Any,Any,,Arcana,20,333,16,40,,,,,,7,4,2,4,6,7,7,4,9,11,6,7,"Deception, Perception",Persuasion,,"Cold, Fire, Psychic","Charmed, Exhaustion, Frightened",,,,60,,21,All,21,"33,000",7,"Coven Magic, Magic Resistance, Spiteful Escape",4,3,Melee,14,10,,,17,Force,Ranged,14,60,60,,17,Force,,,,,,,,,,,,,,,22,Dexterity,"Ark 1 makes the target prone, 60ft coone on fail 32 lightning damage and the target is cursed and can't take reactions",Charisma,22,"Constitution, Wisdom",14,"Counterspell, Detect Thoughts, Dimension Door, Dispel Magic, Hypnotic Pattern",,"Mass Suggestion, Modify Memory, Plane Shift",,Cursed target takes 14 lighting damage,"Cast Counterspell, make curse worst and casters cannot cast spells with verbal component",3,,,"Make an attack, cast Dimension Door or Hypnotic Pattern",Yes,"41,000",5,4,,,Causes targets to cast confusion on themselves
Archelon,2024 Monster Manual,Huge,Beast (Dinosaur),Unaligned,Underwater,Underwater,,None,17,90,3,20,,,,,80,4,-3,3,2,1,-2,4,-3,3,2,1,-2,Stealth,,,,,,,,,,12,None,4,"1,100",2,Amphibious,,2,Melee,6,5,,,14,Piercing,,,,,,,,,,,,,,,,,,,,,,,,,,,,,,,,,,,,,,,,,,,,,
Archmage,2024 Monster Manual,Medium or Smaller,Humanoid (wizard),Neutral,Any,Any,,"Arcana, Individual",17,170,7,30,,,,,,0,5,2,2,1,3,0,9,2,6,1,3,"History, Perception",Arcana,,,Charmed,Psychic,,,,,16,Common plus five other languages,12,"8,000",4,Magic Resistance,,4,Melee,9,5,,,27,Force,Ranged,9,150,150,,27,Force,,,,,,,,,,,,,,,,,,Intelligence,17,"Constitution, Dexterity, Wisdom",9,"Detect Magic, Detect Thoughts, Disguise Self, Invisibility, Light, Mage Armour, Mage Hand, Prestidigitation","Counter Spell, Misty Step, Shield","Fly, Lightning Bolt","Cone of Cold (level 9), Mind Blank, Scrying, Teleport",Misty Step cast misty step,Protective Magic cast counterspell or shield,,,,,,,,,,,
Archpriest,2024 Monster Manual,Medium or Smaller,Humanoid (Cleric),Neutral,Any,Any,,"Individual, Relics",16,240,5,30,,,,,,3,2,1,5,3,2,7,6,1,9,7,2,"Insight, Medicine, Perception",Religion,,,,,,,,,19,Common plus two other languages,12,"8,400",4,,,3,Melee,9,5,,,27,Radiant,Ranged,9,60,60,,27,Radiant,,,,,,,,,,,,,,,17,Wisdom,Holy Word recharges 4-6 within 20ft on fail 21 radiant damage and stunned,Wisdom,17,"Charisma, Dexterity",9,"Light, Thaumaturgy","Bless, Dispel Magic, Healing Word, Lesser Restoration",,"Flame Strike (level 6), Greater Restoration, Raise Dead, Zone of Truth","Divine Aid 3/day cast Bless, Dispel Magic, Healing Word, or Lesser Restoration",,,,,,,,,,,,
Assassin,2024 Monster Manual,Medium or Smaller,Humanoid,Neutral,Any,Any,,"Implements, Individual",16,97,10,30,,,,,,0,3,4,0,2,0,0,6,7,0,2,0,Acrobatics,"Perception, Stealth",,Poison,,,,,,,16,"Common, Thieves' Cant",8,"3,900",8,Evasion,,3,Melee,7,5,,,24,"Piercing, Poison",Ranged,7,80/320,80,320,29,"Piercing, Poison",,,,,,,,,,,,,,,,,Atk 1 on hit poisoned,,,,,,,,,Cunning Action take the dash disengage or hide action,,,,,,,,,,,,
Awakened Shrub,2024 Monster Manual,Small,Plant,Neutral,Forest,Forest,,None,9,10,-1,20,,,,,,-4,0,-1,0,0,2,-4,0,-1,0,0,2,,,Fire,Piercing,,,,,,,10,Common plus one other language,0,10,2,,,1,Melee,1,5,,,1,Slashing,,,,,,,,,,,,,,,,,,,,,,,,,,,,,,,,,,,,,,,,,,,,,
Awakened Tree,2024 Monster Manual,Huge,Plant,Neutral,Forest,Forest,,None,13,59,-2,20,,,,,,4,0,-2,0,2,-2,4,0,-2,0,2,-2,,,Fire,"Bludgeoning, Piercing",,,,,,,10,Common plus one other language,2,450,2,,,1,Melee,6,10,,,14,Bludgeoning,,,,,,,,,,,,,,,,,,,,,,,,,,,,,,,,,,,,,,,,,,,,,
Axe Beak,2024 Monster Manual,Large,Monstrosity,Unaligned,"Arctic, Grassland, Hill","Arctic, Grassland, Hill",,None,11,19,1,50,,,,,,2,-4,1,0,1,-3,2,-4,1,0,1,-3,,,,,,,,,,,10,None,1/4,50,2,,,1,Melee,4,5,,,6,Slashing,,,,,,,,,,,,,,,,,,,,,,,,,,,,,,,,,,,,,,,,,,,,,
Azer Pyromancer,2024 Monster Manual,Medium,Elemental,Lawful Neutral,"Mountain, Planar (Elemental Plane of Fire)","Mountain, Planar",Elemental Plane of Fire,"Armaments, Individual",18,97,2,30,,,,,,2,1,2,4,3,1,2,1,2,7,6,1,"Arcana, Perception",,,,Poisoned,"Fire, Poison",,,,,17,Primordial (Ignan),6,"2,300",3,"Fire Aura, Illumination",,2,Melee,7,5,,,15,Fire,Ranged,7,120,120,,15,Fire,,,,,,,,,,,,,,,,,,Wisdom,15,Dexterity,7,"Elementalism, Mage Hand",,Hellish Rebuke,Fireball,,Hellish Rebuke cast Hellish Rebuke,,,,,,,,,,,
Azer Sentinel,2024 Monster Manual,Medium,Elemental,Lawful Neutral,"Mountain, Planar (Elemental Plane of Fire)","Mountain, Planar",Elemental Plane of Fire,"Armaments, Individual",17,39,1,30,,,,,,3,1,1,1,2,0,3,1,1,1,4,0,,,,,Poisoned,"Fire, Poison",,,,,11,Primordial (Ignan),2,450,2,"Fire Aura, Illumination",,1,Melee,5,5,,,11,"Bludgeoning, Fire",,,,,,,,,,,,,,,,,,,,,,,,,,,,,,,,,,,,,,,,,,,,,
Baboon,2024 Monster Manual,Small,Beast,Unaligned,"Forest, Hill","Forest, Hill",,None,12,3,2,30,,30,,,,-1,-3,2,1,0,-3,-1,-3,2,1,0,-3,,,,,,,,,,,11,None,0,10,2,Pack Tactics,,1,Melee,1,5,,,1,Piercing,,,,,,,,,,,,,,,,,,,,,,,,,,,,,,,,,,,,,,,,,,,,,
Badger,2024 Monster Manual,Tiny,Beast,Unaligned,Forest,Forest,,None,11,5,0,20,5,,,,,0,-4,0,1,3,-3,0,-4,0,1,3,-3,Perception,,,Poison,,,,30,,,13,None,0,10,2,,,1,Melee,2,5,,,1,Piercing,,,,,,,,,,,,,,,,,,,,,,,,,,,,,,,,,,,,,,,,,,,,,
Balor,2024 Monster Manual,Huge,Fiend (Demon),Chaotic Evil,Planar (Abyss),Planar,Abyss,Armaments,19,287,14,40,,,80,,,8,5,2,3,6,6,8,5,2,9,12,6,Perception,,,"Cold, Lightning","Charmed, Frightened, Poisoned","Fire, Poison",,,120,,19,"Abyssal, Telepathy",19,"22,000",6,"Death Throes, Fire Aura, Magic Resistance",3,2,Melee,14,30,,,35,"Force, Fire",Melee,14,10,,,43,"Force, Lightning",,,,,,,,,,,,,,,22,Dexterity,"Akt 1 target gets pulled 25ft and make prone, Akt 2 the target cannot take reactions",,,,,,,,,Teleport and an ally up to 60ft,,,,,,,,,,,,
Bandit,2024 Monster Manual,Medium or Smaller,Humanoid (Bandit),Neutral,Any,Any,,Any,12,11,1,30,,,,,,0,0,1,0,1,0,0,0,1,0,1,0,,,,,,,,,,,10,"Common, Thieves' Cant",1/8,25,2,,,1,Melee,3,5,,,4,Slashing,Ranged,3,80/320,80,320,5,"Piercing, Poison",,,,,,,,,,,,,,,,,,,,,,,,,,,,,,,,,,,,,,
Bandit Captain,2024 Monster Manual,Medium or Smaller,Humanoid (Bandit),Neutral,Any,Any,,Any,15,52,3,30,,,,,,2,2,3,0,2,2,4,2,5,0,2,2,"Athletics, Deception",,,,,,,,,,10,"Common, Thieves' Cant",2,450,2,,,2,Melee,5,5,,,6,Slashing,Ranged,5,30/90,30,90,8,Piercing,,,,,,,,,,,,,,,,,,,,,,,,,,,Parry when hit by melee +2 to AC,,,,,,,,,,,
Bandit Crime Lord,2024 Monster Manual,Medium or Smaller,Humanoid (Bandit),Neutral,Any,Any,,Any,17,169,9,30,,,,,,0,4,5,2,2,2,0,4,9,2,6,2,Acrobatics,"Perception, Stealth",,,,,,,,,20,"Common, Thieves' Cant",11,"7,200",4,Evasion,,3,Melee,9,5,,,26,"Slashing, Poison",Ranged,9,30/90,30,90,24,"Piercing, Poison",,,,,,,,,,,,,,,,,,,,,,,,,,Deadly Aim gives itself advantage on its next attack and does an extra 28 poison damage,,,,,,,,,,,,
Bandit Deceiver,2024 Monster Manual,Medium or Smaller,Humanoid (Bandit),Neutral,Any,Any,,Any,16,130,6,30,,,,,,-1,3,3,1,2,3,-1,6,6,1,2,3,"Acrobatics, Perception",Stealth,,,,,,,,,14,"Common, Thieves' Cant",7,"2,900",3,,,3,Melee,6,5,,,18,Piercing,Ranged,6,20/60,20,60,18,Piercing,,,,,,,,,,,,,,,14,Constitution,Blinding Flash recharges on 4-6 in 10ft sphere on fail 13 radiant damage and blinded,Intelligence,14,Wisdom,6,"Disguise Self, Mage Hand, Minor Illusion",,,"Hold Person (level 4), Mage Armor, Major Image",,,,,,,,,,,,,
Banshee,2024 Monster Manual,Medium,Undead,Chaotic Evil,Any,Any,,Relics,12,54,2,5,,,40,40,,-5,1,2,0,0,3,-5,1,2,2,0,3,,,,"Acid, Bludgeoning, Fire, Lightning, Piercing, Slashing, Thunder","Charmed, Exhaustion, Frightened, Grappled, Paralyzed, Petrified, Poisoned, Prone, Restrained","Cold, Necrotic, Poison",,60,,,10,"Common, Elvish",4,"1,100",2,"Detect Life, Incorporeal Movement",,3,Melee,5,5,,,7,Necrotic,,,,,,,,,,,,,,,,,,,,,,13,"Wisdom, Constitution","Horrify within 60ft on fail frightened, Deathly Wail 1/day within 30ft on fail less than 26 hp drops to 0 otherwise 10 psychic damage",,,,,,,,,,,,,,,,,,,,,
Barbed Devil,"2024 Monster Manual,  Stranger Things: Welcome to the Hellfire Club",Medium,Fiend (Devil),Lawful Evil,Planar (Nine Hells),Planar,Nine Hells,Any,15,110,3,30,,30,,,,3,1,3,2,4,2,3,1,3,5,7,5,"Deception, Insight",Perception,,Cold,Poisoned,"Fire, Poison",,120,,,18,"Infernal, Telepathy",5,"1,800",3,"Barbed Hide, Diabolical Restoration, Magic Resistance",,2,Melee,6,5,,,10,Piercing,Melee,6,10,,,14,Slashing,Ranged,5,150,150,,17,Fire,,,,,,,,,,"Akt 1 grapples on a hit, Akt 3 can burn flammable objects",,,,,,,,,,,,,,,,,,,,,
Barlgura,2024 Monster Manual,Large,Fiend (Demon),Chaotic Evil,Planar (Abyss),Planar,Abyss,Any,15,85,2,40,,40,,,,4,-2,2,2,3,-1,4,-2,5,2,6,-1,"Perception, Stealth",,,"Cold, Fire, Lightning",Poisoned,Poison,30,120,,,15,"Abyssal, Telepathy",5,"1,800",3,Demonic Restoration,,3,Melee,7,5,,,24,"Piercing, Psychic",Melee,7,5,,,9,Bludgeoning,,,,,,,,,,,,,,,,,Akt 2 makes prone,Wisdom,13,"Strength, Wisdom",5,,,"Disguise Self, Invisibility (self)","Entangle, Phantasmal Killer (level 6)",Jumps 40ft using 10ft of movement,,,,,,,,,,,,
Basilisk,2024 Monster Manual,Medium,Monstrosity,Unaligned,"Mountain, Underdark","Mountain, Underdark",,Any,15,52,-1,20,,,,,,3,-4,-1,-1,2,-2,3,-4,-1,-1,2,-2,,,,,,,,60,,,9,None,3,700,2,,,1,Melee,5,5,,,17,"Piercing, Poison",,,,,,,,,,,,,,,,,,,,,,12,Constitution,,,,,,,,,,Petrifying Gaze recharges on 5-6 30ft cone on fail restrained second fail petrified,,,,,,,,,,,,
Bat,2024 Monster Manual,Tiny,Beast,Unaligned,"Mountain, Underdark, Urban","Mountain, Underdark, Urban",,None,12,1,2,5,,,30,,,-4,-4,2,1,-1,-3,-4,-4,2,1,-1,-3,,,,,,,60,,,,11,None,0,10,2,,,1,Melee,4,5,,,1,Piercing,,,,,,,,,,,,,,,,,,,,,,,,,,,,,,,,,,,,,,,,,,,,,
Bearded Devil,"2024 Monster Manual,  Stranger Things: Welcome to the Hellfire Club",Medium,Fiend (Devil),Lawful Evil,Planar (Nine Hells),Planar,Nine Hells,Armaments,13,58,2,30,,,,,,3,-1,2,0,2,2,5,-1,2,0,4,4,,,,Cold,"Frightened, Poisoned","Fire, Poison",,120,,,10,"Infernal, Telepathy",3,700,2,Magic Resistance,,2,Melee,5,5,,,7,Piercing,Melee,5,10,,,8,Slashing,,,,,,,,,,,,,,,12,Constitution,Akt 2 on fail target loses 5 hp reach round,,,,,,,,,,,,,,,,,,,,,
Beast of Malar, Forgotten Realms: Adventures in Faerûn,Medium,Monstrosity,Chaotic Evil,"Coastal, Forest, Hills","Coastal, Forest, Hills",,None,17,168,7,50,40,,60,,40,5,0,3,2,6,1,9,0,3,2,6,1,Stealth,Perception,,,"Charmed, Frightened",,,60,,,20,Understands Common,11,"7,200",4,"Amphibious, Divine Immortality, Magic Resistance, Regeneration",3,3,Melee,9,5,,,23,Piercing,Melee,9,5,,,18,Slashing,,,,,,,,,,,,,,,,,,,,,,,,,,Recuperative Shape-Shift,,,,,,,,,,,,
Behir,2024 Monster Manual,Huge,Monstrosity,Neutral Evil,Underdark,Underdark,,Any,17,168,3,50,,50,,,,6,-2,3,2,4,1,6,-2,3,2,4,1,"Perception, Stealth",,,,,Lightning,,90,,,16,Draconic,11,"7,200",4,,,2,Melee,10,10,,,30,"Piercing, Lightning",,,,,,,,,,,,,,,,,,,,,,18,"Strength, Dexterity","Constrict within 5ft on fail grappled and restrained, Lightning Breath recharges on 5-6 within 90ft wide and 5ft line on fail 66 lightning damage",,,,,,,,,Swallow one target grappled on fail blinded restrained total cover and 21 acid and fire damage every round,,,,,,,,,,,,
Beholder,2024 Monster Manual,Large,Aberration (Beholder),Lawful Evil,Underdark,Underdark,,Arcana,18,190,12,5,,,40,40,,3,3,2,2,4,3,3,3,2,7,9,3,,Perception,,,Prone,,,120,,,22,"Deep Speech, Undercommon",13,"10,000",5,,3,3,Melee,8,5,,,13,Piercing,,,,,,,,,,,,,,,,,,,,,,16,"Wisdom, Constitution, Strength, Dexterity","All of the eye rays: 13 psychic damage and charmed, Paralyzed, 14 psychic damage and frightened, 18 necrotic damage 1/2 speed no reactions and either an action or bonus action, 13 poison damage and poisoned, moved up to 30ft and restrained, Unconscious, Restrained on second fail petrified, 36 force damage, 55 necrotic damage and dies if the target is reduced to 0.",,,,,,,,,Antimagic coone,,3,,,"Makes and attack, uses an Eye rays",Yes,"11,500",4,4,13,Wisdom,On fail does not gain benefits of short rest
Beholder Zombie,2024 Monster Manual,Large,"Undead (Beholder, Zombie)",Neutral Evil,"Planar (Shadowfell), Underdark, Urban","Planar, Underdark, Urban",Shadowfell,None,15,93,-1,5,,,20,20,,2,-4,-1,-1,3,-3,2,-4,-1,2,3,-3,,,,,"Exhaustion, Poisoned, Prone",Poison,,60,,,9,"Understands Deep Speech, Undercommon",5,"1,800",3,Undead Fortitude,,2,Melee,5,5,,,16,Piercing,,,,,,,,,,,,,,,,,,,,,,14,"Constitution, Wisdom, Dexterity","Eye Rays: Paralyzing Ray on fail Paralyzed, Fear Ray on fail 13 Psychic damage and frightened, Enervation Ray 10 Necrotic Damage and poisoned , Disintegration Ray on fail 27 Force damage",,,,,,,,,,,,,,,,,,,,,
Berserker,2024 Monster Manual,Medium or Smaller,Humanoid,Neutral,Any,Any,,"Armaments, Individual",13,67,1,30,,,,,,3,-1,1,0,3,-1,3,-1,1,0,3,-1,,,,,,,,,,,10,Common,2,450,2,Bloodied Frenzy,,1,Melee,5,5,,,9,Slashing,,,,,,,,,,,,,,,,,,,,,,,,,,,,,,,,,,,,,,,,,,,,,
Berserker Commander,2024 Monster Manual,Medium or Smaller,Humanoid,Neutral,Any,Any,,"Armaments, Individual",16,136,5,40,,,,,,4,0,2,2,4,-1,7,0,2,2,7,-1,"Athletics, Perception",,,,,,,,,,15,Common,8,"3,900",3,Bloodied Frenzy,,3,Melee,7,5,,,20,"Slashing, Thunder",Melee,7,5,,,18,Piercing,Ranged,7,30/120,30,120,18,Piercing,,,,,,,,,,Atk 2 and Atk 3 on hit target speed reduced by 5,,,,,,,,,Frenzied Rush all allies within 30 ft move up to half their speed with provoking opportunity attacks,,,,,,,,,,,,
Biha Babir, Forgotten Realms: Adventures in Faerûn,Large,Elemental (Genie),Lawful Evil,None (NPC),None,NPC,None (NPC),17,229,9,30,,,60,,90,6,4,1,3,8,5,6,4,5,7,8,9,"Deception, Insight, Perception, Stealth",,,"Acid, Cold, Lightning",,,30,120,,,17,"Common, Primordial (Aquan)",12,"8,400",4,"Amphibious, Elemental Restoration, Wishes",3,2,Melee,10,5,,,17,Cold,Ranged,10,60,60,,17,Cold,Melee,10,15,,,13,Bludgeoning,,,,,,,,,,,Charisma,17,,9,"Create or Destroy Water, Detect Magic, Major Image",,"Control Water, Dispel Magic, Invisibility","Control Weather, Plane Shift",Fluid Form,,3,18,Strength,"Misty Burst teleport 30ft away, Whirlpool: Str. save 10 damge and pulled 15ft",,,,,,,
Black Bear,2024 Monster Manual,Medium,Beast,Unaligned,Forest,Forest,,None,11,19,1,30,,30,,,30,2,-4,1,1,2,-2,2,-4,1,1,2,-2,,Perception,,,,,,60,,,15,None,1/2,100,2,,,2,Melee,4,5,,,5,Slashing,,,,,,,,,,,,,,,,,,,,,,,,,,,,,,,,,,,,,,,,,,,,,
Black Dragon Wyrmling,2024 Monster Manual,Medium,Dragon (Chromatic),Chaotic Evil,Swamp,Swamp,,Relics,17,33,4,30,,,60,,30,2,0,2,0,1,1,2,0,4,2,1,1,Stealth,Perception,,,,Acid,10,60,,,14,Draconic,2,450,2,,,2,Melee,4,5,,,7,"Slashing, Acid",,,,,,,,,,,,,,,,,,,,,,11,Dexterity,Acid Breath recharges on 5-6 Dex save 15ft 5ft wide line 22 Acid,,,,,,,,,,,,,,,,,,,,,
Black Pudding,2024 Monster Manual,Large,Ooze,Unaligned,Underdark,Underdark,,None,7,68,-3,20,,20,,,,3,-5,-3,-2,3,-5,3,-5,-3,-2,3,-5,,,,,"Charmed, Deafened, Exhaustion, Frightened, Grappled, Prone, Restrained","Acid, Cold, Lightning, Slashing",60,,,,8,None,4,"1,100",2,"Amorphous, Corrosive Form, Spider Climb",,1,Melee,5,10,,,17,Acid,,,,,,,,,,,,,,,,,,,,,,,,Atk 1 on hit nonmagical armour -1 AC if reduced to 10 AC armour is destroyed,,,,,,,,,,Split it becomes bloddied or hit by lightning or slashing the pudding splits,,,,,,,,,,,
Blink Dog,2024 Monster Manual,Medium,Fey,Lawful Good,"Forest, Planar (Feywild)","Forest, Planar",Feywild,None,13,22,3,40,,,,,,1,0,3,1,1,0,1,0,3,1,1,0,Stealth,Perception,,,,,,60,,,15,"Blink Dog, Understands Elvish, Sylvan",1/4,50,2,,,1,Melee,5,5,,,5,Piercing,,,,,,,,,,,,,,,,,,,,,,,,,,,,,,,,,Teleport recharges 4-6 teleports 40ft,,,,,,,,,,,,
Blob of Annihilation,2024 Monster Manual,Gargantuan,Ooze (Titan),Neutral Evil,Any,Any,,Any,18,448,16,30,,,,,,8,0,2,3,9,0,8,0,9,3,16,0,,,,"Bludgeoning, Piercing, Slashing","Charmed, Exhaustion, Frightened, Grappled, Paralyzed, Petrified, Poisoned, Prone, Restrained, Stunned, Unconscious","Acid, Necrotic, Poison",120,,,,13,None,23,"50,000",7,"Astral Implosion, Magic Resistance",4,3,Melee,15,30,,,24,Force,,,,,,,,,,,,,,,,,,,,,,23,"Strength, Dexterity","Engulf moves through a creature's space on fail is engulfed total cover 21 force damage every round suffocating restrained if reduced to 0hp dissolved to ash, Restraining Globe within 600ft on fail 18 acid damage moves 60ft to the Globe restrained.",,,,,,,,,,,3,,,"Decay: 14 necrotic damage engulfed, Grasping Globe: uses restraining Globe, lashing goop make another attack",,,,,,,
Blood Hawk,2024 Monster Manual,Small,Beast,Unaligned,"Arctic, Coastal, Forest, Grassland, Hill, Mountain","Arctic, Coastal, Forest, Grassland, Hill, Mountain",,None,12,7,2,10,,,60,,,-2,-4,2,2,0,-3,-2,-4,2,2,0,-3,,,,,,,,,,,9,None,1/8,25,2,Pack Tactics,,1,Melee,4,5,,,4,Piercing,,,,,,,,,,,,,,,,,,,,,,,,Does +2 damage if target is bloodied,,,,,,,,,,,,,,,,,,,,,
Blue Dragon Wyrmling,2024 Monster Manual,Medium,Dragon (Chromatic),Lawful Evil,"Coastal, Desert","Coastal, Desert",,Relics,17,65,2,30,15,,60,,,3,1,0,0,2,2,3,1,2,2,2,2,Stealth,Perception,,,,Lightning,10,60,,,14,Draconic,3,700,2,,,2,Melee,5,5,,,11,"Slashing, Lighting",,,,,,,,,,,,,,,,,,,,,,12,Dexterity,Lightning Breath recharges on 5-6 30ft 5ft wide line 21 lightning,,,,,,,,,,,,,,,,,,,,,
Blue Slaad,2024 Monster Manual,Large,Aberration (Slaad),Chaotic Neutral,Planar (Limbo),Planar,Limbo,Any,15,133,2,30,,,,,,5,-2,2,-2,4,-1,5,-2,2,-2,4,-1,Perception,,,"Acid, Cold, Fire, Lightning, Thunder",,,,60,,,11,"Slaad, Telepathy",7,"2,900",3,"Magic Resistance, Regeneration",,3,Melee,8,10,,,15,"Slashing, Poison",,,,,,,,,,,,,,,,,,,,,,15,Constitution,Cured and if reduced to 0 target becomes a red slaad or green slaad,,,,,,,,,,,,,,,,,,,,,
Boar,2024 Monster Manual,Medium,Beast,Unaligned,"Forest, Grassland, Hill","Forest, Grassland, Hill",,None,11,13,0,40,,,,,,1,-4,0,-1,2,-3,1,-4,0,-1,2,-3,,,,,,,,,,,9,None,1/4,50,2,Bloodied Fury,,1,Melee,3,5,,,4,Piercing,,,,,,,,,,,,,,,,,,,,,,,,Charge attack +3 to damage and gives pron condition,,,,,,,,,,,,,,,,,,,,,
Bone Devil,2024 Monster Manual,Large,Fiend (Devil),Lawful Evil,Planar (Nine Hells),Planar,Nine Hells,Implements,16,161,7,40,,,40,,,4,1,3,2,4,3,8,5,3,6,4,7,"Deception, Insight",,,Cold,Poisoned,"Fire, Poison",,120,,,12,"Infernal, Telepathy",9,"5,000",4,"Diabolical Restoration, Magic Resistance",,3,Melee,8,10,,,13,Slashing,Melee,8,10,,,33,"Piercing, Poison",,,,,,,,,,,,,,,,,Akt 2 on hit target is poisoned,,,,,,,,,,,,,,,,,,,,,
Bone Naga,2024 Monster Manual,Large,Undead,Neutral Evil,Underdark,Underdark,,Relics,15,65,3,40,,,,,,2,3,3,2,1,2,2,3,3,2,1,2,,,,,"Charmed, Exhaustion, Paralyzed, Poisoned",Poison,,60,,,12,Common plus another language,4,"1,100",2,,,2,Melee,5,10,,,17,"Piercing, Necrotic",,,,,,,,,,,,,,,,,,,,,,13,Wisdom,Serpentine Gaze within 60ft on fail 13 psychic damage and charmed,Intelligence,13,"Dexterity, Wisdom",5,"Mage Hand, Thaumaturgy",,,"Command, Detect Thoughts, Lightning Bolt",,,,,,,,,,,,,
Boromar Smuggler,Eberrron: Forge of the Artificer,Small,Humanoid (Halfling),Neutral Evil,None (NPC),None,NPC,None,13,27,4,40,,,,,,0,0,2,0,1,2,0,0,4,2,1,2,Perception,"Sleight of Hand, Stealth",,,,,,,,,12,"Common, Hafling, Thieves' Cant",1/2,100,2,Hustle,,1,Melee,4,5,,,7,"Piercing, Poison",Ranged,4,30/90,30,90,7,Piercing,,,,,,,,,,,,,,,,,,,,,,,,,,,,,,,,,,,,,,
Boromar Underboss,Eberrron: Forge of the Artificer,Small,Humanoid (Halfling),Lawful Evil,None (NPC),None,NPC,None,16,104,7,30,,,,,,0,1,4,2,2,3,0,1,7,5,2,3,Insight,"Perception, Sleight of Hand",,Poison,,,,,,,18,"Common, Hafling, Thieves' Cant",8,"3,900",3,Hustle,,3,Melee,7,5,,,20,"Piercing, Poison",Ranged,7,30/90,30,90,26,Force,,,,,,,,,,,,,,,,,Atk1: On hit poisoned and if poisoned deals 7 more poison damage,,,,,,,,,,Uncanny Dodge,,,,,,,,,,,
Brass Dragon Wyrmling,2024 Monster Manual,Medium,Dragon (Metallic),Chaotic Good,Desert,Desert,,Arcana,15,22,2,30,15,,60,,,2,0,0,0,1,1,2,0,2,2,1,1,Stealth,Perception,,,,Fire,10,60,,,14,Draconic,1,200,2,,,1,Melee,4,5,,,7,Slashing,,,,,,,,,,,,,,,,,,,,,,11,"Dexterity, Constitution","Fire Breath recharges on 5-6 20ft 5ft wide line 14 fire damage, Sleep Breath 15ft coone cause incapacitated and possibly unconscious",,,,,,,,,,,,,,,,,,,,,
Brazen Gorgon,2024 Monster Manual,Large,Construct,Unaligned,"Forest, Grassland, Hill","Forest, Grassland, Hill",,Any,19,161,2,40,,,,,,4,-4,2,2,4,-2,4,-4,2,2,4,-2,,Perception,,,"Exhaustion, Petrified",Fire,,60,,,20,None,9,"5,000",4,"Flame Aura, Illumination",,2,Melee,8,5,,,21,"Piercing, Fire",,,,,,,,,,,,,,,,,,,,,,16,Dexterity,Smelting Charge recharges on 5-6 moves without taking opportunity attack and move through other creature's spaces on fail 26 Piercing and Fire damage and either grappled or prone,,,,,,,,,,,,,,,,,,,,,
Bronze Dragon Wyrmling,2024 Monster Manual,Medium,Dragon (Metallic),Lawful Good,Coastal,Coastal,, Implements,15,39,2,30,,,60,,30,3,1,0,0,2,2,3,1,2,2,2,2,Stealth,Perception,,,,Lightning,10,60,,,14,Draconic,2,450,2,Amphibious,,2,Melee,5,5,,,8,Slashing,,,,,,,,,,,,,,,,,,,,,,12,"Dexterity, Strength","Lightning Breath recharges on 5-6 40ft 5ft wide line 16 lightning, Repulsion Breath 30ft coone targets are pushed 30ft and are prone",,,,,,,,,,,,,,,,,,,,,
Brown Bear,2024 Monster Manual,Medium,Beast,Unaligned,"Arctic, Forest, Hill","Arctic, Forest, Hill",,None,11,22,1,40,,30,,,,3,-4,1,1,2,-2,3,-4,1,1,2,-2,Perception,,,,,,,60,,,13,None,1,200,2,,,2,Melee,5,5,,,7,Piercing,Melee,5,5,,,5,Slashing,,,,,,,,,,,,,,,,,Claw attack gives pron condition,,,,,,,,,,,,,,,,,,,,,
Bugbear Stalker,2024 Monster Manual,Medium,Fey (Goblinoid),Chaotic Evil,"Forest, Grassland, Planar (Feywild), Underdark","Forest, Grassland, Planar, Underdark",Feywild,"Armaments, Individual",15,65,2,30,,,,,,3,0,2,1,2,0,3,0,2,3,4,0,Survival,Stealth,,,,,,60,,,11,"Common, Goblin",3,700,2,Abduct,,2,Melee,5,10,,,13,Piercing,Ranged,5,30/120,30,120,13,Piercing,Melee,5,10,,,12,Piercing,,,,,,,,13,Dexterity,Akt 2 advantage on grappled targets,,,,,,,,,On fail target is grappled,,,,,,,,,,,,
Bugbear Warrior,2024 Monster Manual,Medium,Fey (Goblinoid),Chaotic Evil,"Forest, Grassland, Planar ( Feywild), Underdark","Forest, Grassland, Planar, Underdark", Feywild,"Armaments, Individual",14,33,2,30,,,,,,2,-1,2,0,1,-2,2,-1,2,0,1,-2,Survival,Stealth,,,,,,60,,,10,"Common, Goblin",1,200,2,Abduct,,1,Melee,4,10,,,9,Bludgeoning,Melee,4,10,,,9,Bludgeoning,Ranged,4,20/60,20,60,9,Bludgeoning,,,,,,,,13,Dexterity,"Akt 1 on hit target is grappled, Akt 2 advantage on grappled targets",,,,,,,,,,,,,,,,,,,,,
Bulette,2024 Monster Manual,Large,Monstrosity,Unaligned,"Grassland, Hill, Mountain","Grassland, Hill, Mountain",,None,17,94,0,40,40,,,,,4,-4,0,0,5,-3,4,-4,0,0,5,-3,,Perception,,,,,,60,,120,16,None,5,"1,800",3,,,2,Melee,7,5,,,17,Piercing,,,,,,,,,,,,,,,,,,,,,,15,Dexterity,Deadly Leap within 15ft on fail 19 bludgeoning damage and prone,,,,,,,,,Leap jump 30ft by spending 10ft,,,,,,,,,,,,
Bulette Pup,2024 Monster Manual,Medium,Monstrosity,Unaligned,"Grassland, Hill, Mountain","Grassland, Hill, Mountain",,None,16,45,-1,30,20,,,,,3,-4,-1,0,3,-3,3,-4,-1,0,3,-3,,Perception,,,,,,30,,60,14,None,2,450,2,,,1,Melee,5,5,,,14,Piercing,,,,,,,,,,,,,,,,,,,,,,,,,,,,,,,,,Leap jump 30ft by spending 10ft,,,,,,,,,,,,
Bullywug Bog Sage,2024 Monster Manual,Medium,Fey,Neutral,Swamp,Swamp,,"Implements, Individual",16,52,3,30,,,,,30,-1,0,3,3,2,1,-1,0,3,5,4,1,Stealth,Nature,,,,,,,,,13,"Bullywug, Common, Sylvan",4,"1,100",2,"Amphibious, Speak with Frogs and Toads",,2,Melee,5,5,,,17,"Bludgeoning, Poison",Ranged,5,60,60,,9,Poisoned,,,,,,,,,,,,,,,,,Akt 2 is a cast of Ray of Sickness,Wisdom,13,Dexterity,5,"Dancing Lights, Druidcraft, Ray of Sickness",,,"Speak with Plants, Vitriolic Sphere",Jump 30ft with 10ft of movement,,,,,,,,,,,,
Bullywug Warrior,2024 Monster Manual,Medium,Fey,Neutral,Swamp,Swamp,,"Implements, Individual",15,11,2,30,,,,,30,1,-2,2,0,1,-2,1,-2,2,0,1,-2,Stealth,,,,,,,,,,10,"Bullywug, Common",1/4,50,2,"Amphibious, Speak with Frogs and Toads",,1,Melee,4,5,,,8,"Piercing, Poison",,,,,,,,,,,,,,,,,,,,,,,,,,,,,,,,,Jump 30ft with 10ft of movement,,,,,,,,,,,,
Caldron Magen," Netheril’s Fall: Tales of Terror, Treasure, and Time Travel",Medium,Construct,Unaligned,Any,Any,,Arcana,20,67,3,30,,,,,,4,0,1,0,3,0,4,0,1,0,3,0,,Perception,,,"Blinded, Charmed, Deafened, Exhaustion, Frightened, Paralyzed, Petrified, Poisoned","Acid, Poison",,,,,14,"Understands Common, plus two other language",4,"1,100",2,"Disintegration, Magic Resistance",,2,Melee,6,15,,,13,"Bludgeoning, Acid",Ranged,6,60,60,,13,Acid,,,,,,,,,,,,,,,,,Atk 1 on hit is medium or smaller creature is grappled,,,,,,,,,,,,,,,,,,,,,
Cambion,2024 Monster Manual,Medium,Fiend,Neutral Evil,Any,Any,,Relics,19,105,4,30,,,60,,,4,2,4,1,3,3,7,5,4,1,6,6,"Deception, Perception, Stealth",,,"Cold, Fire, Lightning, Poison",,Poison,,120,,,14,"Abyssal, Common, Infernal",5,"1,800",3,,,2,Melee,7,5,,,15,"Slashing,  Fire",Ranged,7,120,120,,13,Fire,,,,,,,,,,,,,,,,,,Charisma,14,Wisdom,6,,,"Alter Self, Command (level 3), Detect Magic","Dominate Person (level 8), Plane Shift (self)",,,,,,,,,,,,,
Camel,2024 Monster Manual,Large,Beast,Unaligned,Desert,Desert,,None,10,17,-1,50,,,,,,2,-4,-1,0,3,-3,2,-4,-1,0,5,-3,,,,,,,,60,,,10,None,1/8,25,2,,,1,Melee,4,5,,,4,Bludgeoning,,,,,,,,,,,,,,,,,,,,,,,,,,,,,,,,,,,,,,,,,,,,,
Cannith Artificer,Eberrron: Forge of the Artificer,Medium or Small,Humanoid (Human),Neutral,None (NPC),None,NPC,None,16,71,1,30,,,,,,1,4,1,2,2,0,1,6,1,2,4,0,"Arcana, Perception, Sleight of Hand",,,,,,,,,,14,"Common, Plus two other languages",4,"1,100",2,,,2,Melee,6,5,,,14,Bludgeoning,Ranged,6,120,120,,22,Force,,,,,,,,,,,,,,,,,Atk1 : on hit larger of smaller creature is prone,Intelligence,14,"Constitution, Dexterity",4,"Burning Hands (Level 3 version), Mending, Thunderwave (Level 3 version)",,,"Cure Wounds, Invisibility",,,,,,,,,,,,,
Carrion Crawler,2024 Monster Manual,Large,Monstrosity,Unaligned,"Underdark, Urban","Underdark, Urban",,None,13,51,1,30,,30,,,,2,-5,1,1,3,-3,2,-5,1,1,3,-3,,Perception,,,,,,60,,,15,None,2,450,2,Spider Climb,,2,Melee,4,5,,,10,Poison,,,,,,,,,,,,,,,,,,,,,,12,Dexterity,Paralyzing Tentacles within 10ft on fail poisoned and paralyzed,,,,,,,,,,,,,,,,,,,,,
Cat,2024 Monster Manual,Tiny,Beast,Unaligned,"Desert, Forest, Grassland, Urban","Desert, Forest, Grassland, Urban",,None,12,2,2,40,,40,,,,-4,-4,2,1,0,-2,-4,-4,4,1,0,-2,"Perception, Stealth",,,,,,,60,,,13,None,0,10,2,Jumper,,1,Melee,4,5,,,1,Slashing,,,,,,,,,,,,,,,,,,,,,,,,,,,,,,,,,,,,,,,,,,,,,
Centaur Trooper,2024 Monster Manual,Large,Fey,Neutral Good,"Forest, Grassland, Planar ( Feywild)","Forest, Grassland, Planar", Feywild,"Armaments, Individual",16,45,2,50,,,,,,4,-1,2,1,2,0,4,-1,2,1,2,0,"Athletics, Perception",,,,,,,,,,13,"Elvish, Sylvan",2,450,2,,,2,Melee,6,10,,,9,Piercing,Ranged,4,150/600,150,600,6,Piercing,,,,,,,,,,,,,,,14,Strength,,,,,,,,,,Trampling Charge recharges on 5-6 moves without opportunity attack and on fail takes 7 bludgeoning and knocked prone,,,,,,,,,,,,
Centaur Warden,2024 Monster Manual,Large,Fey,Neutral Good,"Forest, Grassland, Planar ( Feywild)","Forest, Grassland, Planar", Feywild,"Armaments, Individual",16,105,2,50,,,,,,4,-1,2,4,2,0,4,-1,2,7,5,0,"Athletics, Nature, Perception",,,,,,,,,,17,"Druidic, Elvish, Sylvan",7,"2,900",3,,,2,Melee,7,5,,,27,"Bludgeoning, Poison",Ranged,7,90,90,,14,Radiant,,,,,,,,,,,,,,,15,Strength,Akt 2 on hit the target is blinded,Wisdom,15,,7,"Druidcraft, Speak with Animals",,,,Entangling recharges on 5-6 does not take opportunity attacks and on fail 11 bludgeoning and is restrained,,,,,,,,,,,,
Chain Devil,2024 Monster Manual,Medium,Fiend (Devil),Lawful Evil,Planar (Nine Hells),Planar,Nine Hells,Implements,15,85,5,30,,,,,,4,0,2,1,4,2,4,0,2,4,7,2,,,,"Bludgeoning, Cold, Piercing, Slashing",Poisoned,Fire Poison,,120,,,11,"Infernal, Telepathy",8,"3,900",3,"Diabolical Restoration, Magic Resistance",,3,Melee,7,10,,,11,Slashing,,,,,,,,,,,,,,,,,,,,,,15,"Dexterity, Wisdom","Akt 1 grappled and restrained on hit, On fail a target in 60ft 9 fire damage and restrained and is pulled",,,,,,,,,On a target's turn on fail the target is frightened,,,,,,,,,,,,
Chasme,2024 Monster Manual,Large,Fiend (Demon),Chaotic Evil,Planar (Abyss),Planar,Abyss,Relics,15,78,5,20,,,60,,,2,0,2,2,1,0,2,0,5,5,1,0,Perception,,,"Cold, Fire, Lightning",Poisoned,Poison,10,120,,,15,"Abyssal, Telepathy",6,"2,300",3,"Demonic Restoration, Magic Resistance, Spider Climb",,1,Melee,5,5,,,37,"Piercing, Necrotic",,,,,,,,,,,,,,,,,,,,,,12,Constitution,Atk1 targets max HP is decreases by the amount of necrotic damage,,,,,,,,,On fail within 30ft the target is unconscious,,,,,,,,,,,,
Chimera,2024 Monster Manual,Large,Monstrosity,Unaligned,"Grassland, Hill, Mountain","Grassland, Hill, Mountain",,Any,14,114,0,30,,,60,,,4,-4,0,2,4,0,4,-4,0,2,4,0,,Perception,,,,,,60,,,18,Understands Draconic,6,"2,300",3,,,3,Melee,7,5,,,11,Piercing,Melee,7,5,,,7,Slashing,Melee,7,5,,,10,Bludgeoning,,,,,,,,15,Dexterity,"Atk 1 if they have advantage 18 piercing damage, Atk 3 on hit prone, Fire Breath recharges on 5-6 15ft cone on fail 31 fire damage",,,,,,,,,,,,,,,,,,,,,
Chuul,2024 Monster Manual,Large,Aberration,Chaotic Evil,"Coastal, Swamp, Underdark","Coastal, Swamp, Underdark",,Relics,16,76,0,30,,,,,30,4,-3,0,0,3,-3,4,-3,0,0,3,-3,Perception,,,,,,,60,,,14,Understands Deep Speech,16,"1,100",2,"Amphibious, Sense Magic",,3,Melee,6,10,,,9,Bludgeoning,,,,,,,,,,,,,,,,,,,,,,13,Constitution,"Akt 1 grapples, Grappled targets are poisoned second fail paralyzed",,,,,,,,,,,,,,,,,,,,,
Clay Golem,2024 Monster Manual,Large,Construct,Unaligned,Urban,Urban,,Relics,14,123,3,30,,,,,,5,-4,-1,-1,4,-5,5,-4,-1,-1,4,-5,,,,"Bludgeoning, Piercing, Slashing","Charmed, Exhaustion, Frightened, Paralyzed, Petrified, Poisoned","Acid Poison, Psychic",,60,,,9,Common plus one other language,9,"5,000",4,"Acid Absorption, Beserk, Immutable Form shape-shift, Magic Resistance",,2,Melee,9,5,,,16,"Bludgeoning, Acid",,,,,,,,,,,,,,,,,,,,,,,,Makes a third Akt if it bonus action hasten,,,,,,,,,Hasten recharges on 5-6 take dash or disengage action,,,,,,,,,,,,
Cloaker,2024 Monster Manual,Large,Aberration,Chaotic Neutral,Underdark,Underdark,,Implements,14,91,5,10,,,40,,,3,1,2,2,1,-2,3,1,2,2,1,-2,Stealth,,,,Frightened,,,120,,,12,"Deep Speech, Undercommon",8,"3,900",3,Light Sensitivity,,3,Melee,6,5,,,13,Piercing,Melee,6,10,,,8,Slashing,,,,,,,,,,,,,,,13,Wisdom,Akt 1 attaches and makes the target blind and takes 1/2 the damage given to the cloaker,,,,,,,,,"60 ft emanation frightened on a fail save, Cast mirror image",,,,,,,,,,,,
Cloud Giant,2024 Monster Manual,Huge,Giant,Neutral,Mountain,Mountain,,Arcana,14,200,4,40,,,20,20,,8,1,0,3,6,3,8,1,0,7,10,3,Insight,Perception,,,,,,,,,21,"Common, Giant",9,"5,000",4,,,2,Melee,12,10,,,28,"Bludgeoning, Thunder",Ranged,12,240,240,,18,Thunder,,,,,,,,,,,,,,,,,Atk 2 on hit incapacitated,Charisma,15,,7,"Detect Magic, Fog Cloud, Light, Misty Step",,,"Control Weather, Gaseous Form, Telekinesis",Misty Step cast Misty Step,,,,,,,,,,,,
Cockatrice,2024 Monster Manual,Small,Monstrosity,Unaligned,Grassland,Grassland,,None,11,22,1,20,,,40,,,-2,-4,1,1,1,-3,-2,-4,1,1,1,-3,,,,,Petrified,,,60,,,11,None,1/2,100,2,,,1,Melee,3,5,,,3,Piercing,,,,,,,,,,,,,,,,,,,,,,11,Constitution,Atk 1 on fail restrained on second fail petrified,,,,,,,,,,,,,,,,,,,,,
Cockatrice Regent,2024 Monster Manual,Large,Monstrosity,Unaligned,Grassland,Grassland,,None,15,136,2,30,,,60,,,4,-4,2,3,3,-3,4,-4,2,6,3,-3,,,,,Petrified,,,120,,,13,None,8,"3,900",3,Flyby,,3,Melee,7,5,,,13,Piercing,Melee,7,5,,,18,Slashing,,,,,,,,,,,,,,,14,"Constitution, Dexterity",Atk 1 on fail restrained on second fail petrified,,,,,,,,,,Magical Backlash when damage is dealt to it on fail 13 force damage,,,,,,,,,,,
Colossus,2024 Monster Manual,Gargantuan,Construct (Titan),Unaligned,Any,Any,,Relics,23,553,16,60,,,,,,10,-4,0,0,10,-1,10,-4,8,8,10,-1,,,,"Necrotic, Radiant","Charmed, Exhaustion, Frightened, Paralyzed, Petrified, Poisoned, Stunned, Unconscious","Poison, Psychic",,,300,,10,"Understands Celestial, Common",25,"75,000",8,"Immutable Form, Magic Resistance, Siege Monster",4,3,Melee,18,20,,,32,Bludgeoning,Ranged,18,300,300,,22,Radiant,,,,,,,,,,,,,,,26,Dexterity,"Akt 1 on hit target is pushed 20ft, Akt 2 on hit target is prone, Divine Beam recharges 5-6 300ft long 10ft wide line on fail 65 radiant damage if reduced to 0 by this target turns into dust",,,,,,,,,,,3,,,"Smite: make a ranged attack, Stomp: move up to half its speed without provoking opportunity attacks and makes does a melee attack",,,,,,,
Commoner,"2024 Monster Manual,  Stranger Things: Welcome to the Hellfire Club",Medium or Small,Humanoid,Neutral,Any,Any,,Individual,10,4,0,30,,,,,,0,0,0,0,0,0,0,0,0,0,0,0,,,,,,,,,,,10,Common,0,10,2,Training,,1,Melee,2,5,,,2,Bludgeoning,,,,,,,,,,,,,,,,,,,,,,,,,,,,,,,,,,,,,,,,,,,,,
Constrictor Snake,2024 Monster Manual,Large,Beast,Unaligned,"Desert, Forest, Swamp, Underwater","Desert, Forest, Swamp, Underwater",,None,13,13,2,30,,,,,30,2,-5,2,0,1,-4,2,-5,2,0,1,-4,"Perception, Stealth",,,,,,10,,,,12,None,1/4,50,2,,,1,Melee,4,5,,,6,Piercing,,,,,,,,,,,,,,,,,,,,,,12,Strength,Strength save 7 damage and grappled,,,,,,,,,,,,,,,,,,,,,
Copper Dragon Wyrmling,2024 Monster Manual,Medium,Dragon (Metallic),Chaotic Good,Hill,Hill,,Arcana,16,22,3,30,,30,60,,,2,2,1,0,1,1,2,2,3,2,1,1,Stealth,Perception,,,,Acid,10,60,,,14,Draconic,1,200,2,,,1,Melee,4,5,,,7,Slashing,,,,,,,,,,,,,,,,,,,,,,11,"Dexterity, Constitution","Acid Breath recharges on 5-6 20ft 5ft wide line 18 acid damage, Slowing Breath 15ft coone target's speed is halved and can't take reactions, and either an action or bonus action",,,,,,,,,,,,,,,,,,,,,
Corrupted Rat, Stranger Things: Welcome to the Hellfire Club,Tiny,Monstrosity,Unaligned,None,None,,None,10,1,0,20,,20,,,,-4,-4,0,0,-1,-3,-4,-4,0,0,-1,-3,"Perception, Stealth",,,,,,,30,,,11,None,0,10,2,"Agile, Death Burst",,1,Melee,2,5,,,1,Piercing,,,,,,,,,,,,,,,,,,,,,,9,Constitution,,,,,,,,,,,,,,,,,,,,,,
Couatl,2024 Monster Manual,Medium,Celestial,Lawful Good,"Desert, Forest, Grassland, Urban","Desert, Forest, Grassland, Urban",,Relics,19,60,5,30,,,90,,,3,4,5,5,3,4,3,4,5,7,5,4,,,,"Bludgeoning, Piercing, Slashing",,"Psychic, Radiant",,,120,,15,"All, Telepathy",4,"1,100",2,Shielded Mind,,1,Melee,7,5,,,11,Piercing,,,,,,,,,,,,,,,,,,,,,,15,Strength,"Akt 1 makes the target poisoned, Constrict 5 bludgeoning damage grappled and restrained",Wisdom,15,Wisdom,7,"Detect Evil and Good, Detect Magic, Detect Thoughts, Shapechange",,"Bless, Lesser Restoration, Sanctuary","Create Food and Water, Dream, Greater Restoration, Scrying, Sleep","Cast Bless, Lesser Restoration, or Sanctuary",,,,,,,,,,,,
Crab,2024 Monster Manual,Tiny,Beast,Unaligned,"Coastal, Underwater","Coastal, Underwater",,None,11,3,0,20,,,,,20,-2,-5,0,-1,1,-4,-2,-5,0,-1,1,-4,Stealth,,,,,,30,,,,9,None,0,10,2,Amphibious,,1,Melee,2,5,,,1,Bludgeoning,,,,,,,,,,,,,,,,,,,,,,,,,,,,,,,,,,,,,,,,,,,,,
Crawling Claw,2024 Monster Manual,Tiny,Undead,Neutral Evil,Any,Any,,None,15,20,2,20,,20,,,,1,-3,2,0,0,-3,1,-3,2,0,0,-3,,,,,"Charmed, Exhaustion, Frightened, Incapacitated, Poisoned","Necrotic, Poison",30,,,,10,Understands Common,0,10,2,,,1,Melee,3,5,,,2,Necrotic,,,,,,,,,,,,,,,,,,,,,,,,,,,,,,,,,,,,,,,,,,,,,
Crocodile,2024 Monster Manual,Large,Beast,Unaligned,"Coastal, Swamp, Urban","Coastal, Swamp, Urban",,None,12,13,0,20,,,,,30,2,-4,0,0,1,-3,2,-4,0,0,3,-3,Stealth,,,,,,,,,,10,None,1/2,100,2,Hold Breath,,1,Melee,4,5,,,6,Piercing,,,,,,,,,,,,,,,,,,,,,,,,Garbled on hit,,,,,,,,,,,,,,,,,,,,,
Cultist,2024 Monster Manual,Medium or Small,Humanoid (Cultist),Neutral,Any,Any,," Individual, Relics",12,9,1,30,,,,,,0,0,1,0,0,0,0,0,1,2,0,0,"Deception, Religion",,,,,,,,,,10,Common,1/8,25,2,,,1,Melee,3,5,,,4,"Slashing, Necrotic",,,,,,,,,,,,,,,,,,,,,,,,,,,,,,,,,,,,,,,,,,,,,
Cultist Fanatic,2024 Monster Manual,Medium or Small,Humanoid (Cultist),Neutral,Any,Any,," Individual, Relics",13,44,2,30,,,,,,0,0,2,2,1,1,0,0,2,4,1,1,"Deception, Persuasion, Religion",,,,,,,,,,12,Common,2,450,2,,,1,Melee,4,5,,,13,"Slashing, Necrotic",,,,,,,,,,,,,,,,,,,,,,,,,Wisdom,12,Wisdom,4,"Light, Thaumaturgy",,"Command, Spiritual Weapon",Hold Person,Spiritual Weapon cast spiritual weapon,,,,,,,,,,,,
Cultist Hierophant,2024 Monster Manual,Medium or Small,Humanoid (Cultist),Neutral,Any,Any,," Individual, Relics",16,144,8,30,,,,,,2,1,4,3,4,5,2,1,4,7,4,9,"Perception, Persuasion, Religion",,,,,,,,,,17,"Celestial, Common",10,"5,900",4,,,3,Melee,9,5,,,30,"Slashing, Radiant",Ranged,9,120,120,,31,Radiant,,,,,,,,,,,,,,,,,,Charisma,17,"Constitution, Wisdom",9,"Mage Armor, Thaumaturgy",,,"Jallarzi's Storm of Radiance (Level 7), Mass Suggestion",,,,,,,,,,,,,
Cultist of Demogorgon, Stranger Things: Welcome to the Hellfire Club,Medium or Small,Humanoid,Chaotic Evil,None,None,,None,12,9,2,30,,,,,,0,0,2,0,0,0,0,0,2,2,0,0,"Deception, Religion",,,,,,,,,,10,Common,1/8,25,2,,,1,Melee,4,5,,,6,"Slashing, Necrotic",,,,,,,,,,,,,,,,,,,,,,,,,,,,,,,,,,,,,,,,,,,,,
Cultists, Forgotten Realms: Adventures in Faerûn,Medium or Small,Humanoid,Neutral Evil,Urban,Urban,,"Individual, Relics",16,142,6,30,,,,,,4,1,2,4,3,2,4,1,2,8,7,6,"Intimidation, Perception",,,,,,,,,,18,Common,9,"5,000",4,Determined Survivor,,3,Melee,8,5,,,17,Bludgeoning,Ranged,8,120,120,,16,Psychic,,,,,,,,,,,,,,,,,,Wisdom,16,"Charisma, Wisdom",8,,,"Calm Emotions, Detect Thoughts",Dominate Person,,Counterattacks when hit make an attack,,,,,,,,,,,
Cultists of Bhaal, Forgotten Realms: Adventures in Faerûn,Medium or Small,Humanoid,Neutral Evil,Urban,Urban,,"Individual, Relics",16,144,7,30,,,,,,1,2,4,3,4,2,1,5,7,3,4,2,"Perception, Stealth",,,,,,,60,,,16,Common,7,"2,900",3,Blood-Soaked Resolved,,3,Melee,7,5,,,14,Slashing,Ranged,7,20/80,20,80,14,Slashing,,,,,,,,,,,,,,,,,,Wisdom,14,Wisdom,6,,,Mind Spike,"Dimension Door, Mislead",,,,,,,,,,,,,
Cultists of Myrkul, Forgotten Realms: Adventures in Faerûn,Medium or Small,Humanoid,Neutral Evil,Urban,Urban,,"Individual, Relics",16,204,6,30,,,,,,1,5,2,4,4,2,1,9,2,8,8,6,"Arcana, Insight, Religion",,,Necrotic,,,,60,,,14,Common,11,"7,200",4,Nearer to the Dead,,3,Melee,9,5,,,27,Necrotic,Ranged,9,120,120,,27,Necrotic,,,,,,,,,,,,,,,,,,Intelligence,17,Constitution,9,"Speak with Dead, Thaumaturgy",,,"Animate Dead, Circle of Death",,,,,,,,,,,,,
Cyclops Oracle,2024 Monster Manual,Huge,Giant,Chaotic Neutral,"Coastal, Desert, Grassland, Hill, Mountain, Underdark","Coastal, Desert, Grassland, Hill, Mountain, Underdark",,Armaments,16,207,8,40,,,,,,6,3,0,4,5,0,6,3,0,8,9,0,,"History, Perception",,,,,,,30,,22,Giant,10,"5,900",4,,,3,Melee,10,10,,,22,Radiant,Ranged,10,120,120,,17,Radiant,,,,,,,,,,,,,,,,,Atk 2 on hit target has disadvantage,Wisdom,16,,8,,,"Arcane Eye, Detect Magic, Locate Object",Legend Lore,,Portent recharges on 4-6 on a d20 test cyclops rolls a d20 and choses which roll to use,,,,,,,,,,,
Cyclops Sentry,2024 Monster Manual,Huge,Giant,Chaotic Neutral,"Coastal, Desert, Grassland, Hill, Mountain, Underdark","Coastal, Desert, Grassland, Hill, Mountain, Underdark",,Armaments,14,138,0,40,,,,,,6,-1,0,-2,5,0,6,-1,0,-2,5,0,,,,,,,,,,,8,Giant,6,"2,300",3,,,2,Melee,9,10,,,16,Bludgeoning,Ranged,9,30/120,30,120,22,Bludgeoning,,,,,,,,,,,,,,,,,Atk 1 on hit prone,,,,,,,,,,Limited Foresight recharges on 6 when someone makes an attack roll imposes disadvantage and gains advantage on attack rolls against the target,,,,,,,,,,,
Daask Bruiser,Eberrron: Forge of the Artificer,Medium,Humanoid (Gnoll),Neutral Evil,None (NPC),None,NPC,None,17,150,5,30,,,,,,5,0,1,1,3,2,9,0,1,5,7,2,"Athletics, Intimidation, Perception",,,,,,,60,,,15,"Common, Gnoll",9,"5,500",4,Blood Frenzy,,3,Melee,9,5,,,12,Bludgeoning,,,,,,,,,,,,,,,,,,,,,,14,Wisdom,On fail saving throw target is frightened,,,,,,,,,,Smackback,,,,,,,,,,,
Daask Raider,Eberrron: Forge of the Artificer,Medium,Humanoid (Gnoll),Neutral Evil,None (NPC),None,NPC,None,15,33,1,30,,,,,,3,0,1,0,1,-1,5,0,1,0,1,-1,"Athletics, Perception",,,,,,,60,,,12,"Common, Gnoll",1,200,2,Pack Tactics,,1,Melee,5,5,,,5,Bludgeoning,,,,,,,,,,,,,,,,,,,,,,,,,,,,,,,,,,Smackback,,,,,,,,,,,
Dao,2024 Monster Manual,Large,Elemental (Genie),Neutral,"Planar (Elemental Plane of Earth), Underdark","Planar, Underdark",Elemental Plane of Earth,Implements,18,200,1,30,30,,30,30,,6,1,1,1,7,4,6,1,5,5,7,4,,,,,Petrified,,,120,,,11,Primordial (Terran),11,"7,200",4,"Earth Glide, Elemental Restoration, Magic Resistance, Wishes",,3,Melee,10,5,,,20,Bludgeoning,Ranged,10,120,120,,15,Bludgeoning,,,,,,,,,,,,,,,16,Dexterity,"Atk 1 3 attacks if picked on hit large or smaller prone, Atk 2 2 attacks if picked also on within 10ft from target on fail 10 thunder damage",Charisma,16,,8,"Detect Evil and Good, Detect Magic, Stone Shape",,,"Gaseous FOrm, Invisibility, Move Earth, Passwall, Plane Shift, Tongues, Wall of Stone",,,,,,,,,,,,,
Dardew, Stranger Things: Welcome to the Hellfire Club,Medium,Fiend,Chaotic Neutral,None,None,,None,19,105,4,30,,,60,,,4,2,4,1,3,3,4,5,4,1,3,6,"Deception, Perception",Performance,,"Cold, Fire, Lightning, Poison",Poisoned,,,120,,,14,"Abyssal, Common, Infernal",5,"1,800",3,,,2,Melee,7,5,,,15,"Slashing, Fire",,,,,,,,,,,,,,,,,,,,,,14,"Constitution, Charisma",Power Chord a creature within 120ft on fail 13 thunder damage,,,,,,,,,Silver Tongue a creature within 60ft on fail is charmed,,,,,,,,,,,,
Darkmantle,2024 Monster Manual,Small,Aberration,Unaligned,Underdark,Underdark,,None,11,22,3,10,,,30,,,3,-4,1,0,1,-3,3,-4,1,0,1,-3,Stealth,,,,,,60,,,,10,None,1/2,100,2,,,1,Melee,5,5,,,6,Bludgeoning,,,,,,,,,,,,,,,,,,,,,,,,"Akt 1 attaches if it had advantage the target is blinded and is suffocating, Creates magica darkness in a 15ft emanation",,,,,,,,,,,,,,,,,,,,,
Dead Three Scion, Forgotten Realms: Adventures in Faerûn,Medium or Small,Humanoid,Neutral Evil,"Underdark, Urban","Underdark, Urban",,Relics,17,221,7,30,,,,,,5,4,2,5,4,7,5,4,2,10,9,7,"Arcana, Intimidation, Stealth",,,,"Charmed, Frightened",Necrotic,,,120,,15,Common,16,"15,000",5,"Culling Aura, Magic Resistance",3,2,Melee,12,5,,,25,Necrotic,Ranged,12,120,120,,21,Psychic,,,,,,,,,,,,,,,20,Constitution,Bloodied creatures in 30ft on fail can't regain hit points,Charisma,20,"Constitution, Wisdom",12,"Detect Thoughts, Dispel Magic",,"Dimension Door, Invisibility, Scrying","Circle of Death, Create Undead",,,3,20,Wisdom,"Attakc, Cast Command",,,,,,,
Death Cultist,2024 Monster Manual,Medium or Small,Humanoid (Cultist),Neutral Evil,Any,Any,," Individual, Relics",17,127,4,30,,,,,,4,1,1,3,4,2,4,1,1,6,7,2,"Insight, Perception, Religion",,,,,,,,,,16,Common,8,"3,900",3,,,3,Melee,7,10,,,20,"Slashing, Necrotic",Ranged,6,120,120,,22,Necrotic,,,,,,,,,,,,,,,14,Wisdom,Atk 1 on hit target cannot regain HP,Wisdom,14,,6,"Speak with Dead, Thaumaturgy",,,,Spirit Wail recharges on 5-6 within 20ft on fail 14 Psychic damage and frightened,,,,,,,,,,,,
Death Dog,2024 Monster Manual,Medium,Monstrosity,Neutral Evil,Desert,Desert,,None,12,39,2,40,,,,,,2,-4,2,1,2,-2,2,-4,2,1,2,-2,Stealth,Perception,,,"Blinded, Charmed, Deafened, Frightened, Stunned, Unconscious",,,120,,,15,None,1,200,2,,,2,Melee,4,5,,,4,Piercing,,,,,,,,,,,,,,,,,,,,,,12,"Constitution, Dexterity",Atk 1 on fail poisoned HP does not return to normal when finishing a long rest subsequent failed HP max decreases by 5,,,,,,,,,,,,,,,,,,,,,
Death Knight,2024 Monster Manual,Medium or Small,Undead,Chaotic Evil,Any,Any,,Armaments,20,199,12,30,,,,,,5,1,0,3,5,4,5,1,6,9,5,4,,,,,"Exhaustion, Frightened, Poisoned","Necrotic, Poison",,120,,,13,"Abyssal, Common",17,"18,000",6,"Magic Resistance, Marshall Undead, Undead Restoration",3,3,Melee,11,5,,,25,"Slashing, Necrotic",,,,,,,,,,,,,,,,,,,,,,18,Dexterity,Hellfire recharges 5-6 20ft sphere on fail 70 Fire and Necrotic Damage,Charisma,18,"Constitution, Wisdom",10,"Command, Phantom Steed",,"Destructive Wave (Necrotic), Dispel Magic",,,Parry on hit +6 AC,3,18,Constitution,"Dread Authority: cast command, Fell Word: within 120ft 17 Necrotic damage  HP max decreases by the amount taken, Lunge: moves up to half its speed and Akt",,,,,,,
Death Knight Aspirant,2024 Monster Manual,Medium or Small,Undead,Chaotic Evil,Any,Any,,Armaments,20,178,4,30,,,,,,5,0,0,1,4,3,5,0,4,5,4,3,,,,,"Exhaustion, Frightened, Poisoned","Necrotic, Poison",,120,,,11,"Abyssal, Common",11,"7,200",4,"Magic Resistance, Marshal Undead",,3,Melee,9,5,,,24,"Slashing, Necrotic",,,,,,,,,,,,,,,,,,,,,,15,Dexterity,Hellfire recharges 5-6 20ft sphere on fail 42 Fire and Necrotic Damage,Charisma,15,Constitution,7,Phantom Steed,,,"Destructive Wave (Necrotic), Dispel Magic",,Parry on hit +4 AC,,,,,,,,,,,
Death Slaad,2024 Monster Manual,Medium,Aberration (Slaad),Chaotic Evil,Planar (Limbo),Planar,Limbo,Any,18,178,10,40,,,,,,5,2,2,0,4,4,5,2,2,0,4,4,Arcanna,Perception,,"Acid, Cold, Fire, Lightning, Thunder",,,60,60,,,18,"Common, Slaad, Telepathy",10,"5,900",4,"Magic Resistance, Regeneration",,2,Melee,9,10,,,21,"Slashing, Necrotic",,,,,,,,,,,,,,,,,,,,,,,,After Akt 1 the target is either charmed frightened poisoned or incapacitated,Charisma,16,"Constitution, Wisdom",8,"Detect Magic, Detect Thoughts, Invincibility (self), Mage Hand, Major Image",,,"Blight (level 8), Cloudkill (level 6), fly, plane shift, tongues",Shape-Shift,,,,,,,,,,,,
Death Tyrant,2024 Monster Manual,Large,Undead (Beholder),Lawful Evil,Underdark,Underdark,,Any,19,195,12,5,,,40,40,,4,4,2,2,2,4,4,4,2,7,7,4,,Perception,,,"Charmed, Exhaustion, Paralyzed, Petrified, Poisoned, Prone",Poison,,120,,,22,"Deep Speech, Undercommon",14,"11,500",5,,3,3,Melee,9,5,,,13,Piercing,,,,,,,,,,,,,,,,,,,,,,17,"Wisdom, Constitution, Strength, Dexterity","Eye Rays: Charm Ray on fail 13 psychic damage charmed, Paralyzing on fail paralyzed, Fear Ray on fail 10 Psychic Damage and frightened, Slowing Ray on fail 18 Necrotic Damage and can't take reactions speed is 1/2 and either take an action or bonus action, Enervation Ray on fail 16 poison damage and poisoned, Telekinetic Ray on fail moved 30 ft and restrained and incapacitated, Sleep Ray on fail unconscious, Petrification Ray on fail restrained and second fail petrified, Disintegration Ray on fail 36 force damage a and if reduced to 0 turns into dust, Death Ray on fail 55 Necrotic Damage and if reduced to 0 target is dead",,,,,,,,,Negative Energy coone 150ft coone can't regain hp and creates zombies,,3,,,"Chomp make 2 bite attacks, Glare use an eye ray",Yes,"13,000",4,4,15,Wisdom,On fail no benefit to a short rest
Deep Dragon Wyrmling, Forgotten Realms: Adventures in Faerûn,Medium,Dragon,Neutral Evil,Underdark,Underdark,,Arcana,15,27,2,30,15,,60,,30,2,0,0,1,1,1,2,0,2,3,1,1,,"Perception, Stealth",,"Poison, Psychic","Charmed, Frightened, Poisoned",,10,60,,,15,Draconic,1,200,2,,,1,Melee,4,5,,,6,Slashing,,,,,,,,,,,,,,,,,,,,,,11,Wisdom,15ft Cone on fail 7 psychic damage and frightened,,,,,,,,,,,,,,,,,,,,,
Deer,2024 Monster Manual,Medium,Beast,Unaligned,"Forest, Grassland","Forest, Grassland",,None,13,4,3,50,,,,,,0,-4,3,2,0,-3,0,-4,3,2,0,-3,Perception,,,,,,,60,,,14,None,0,10,2,Agile,,1,Melee,2,5,,,2,Bludgeoning,,,,,,,,,,,,,,,,,,,,,,,,,,,,,,,,,,,,,,,,,,,,,
Demilich,2024 Monster Manual,Tiny,Undead,Netural,Any,Any,,Arcana,20,180,17,5,,,30,30,,-5,5,5,3,0,5,-5,11,11,9,6,5,,,,"Bludgeoning, Piercing, Slashing","Charmed, Deafened, Exhaustion, Frightened, Paralyzed, Petrified, Poisoned, Prone, Stunned","Poison, Psychic",,,120,,13,None,18,"20,000",6,Undead Restoration,3,3,Melee,11,5,,,24,Necrotic,Ranged,11,120,120,,24,Necrotic,,,,,,,,,,,,,,,19,Constitution,Howl recharges on 5-6 Within 30ft on fail 70 Psychic damage and frightened,,,,,,,,,,,3,19,Constitution,"Energy Drain: within 120ft on fail max hp drops by 14, Grave-Dust Flight: move up to its fly speed anyone within 5ft on fail is blinded, Necrosis: makes another attack",Yes,"22,000",4,4,20,Constitution,On fail max HP reduced by 2
Demobat, Stranger Things: Welcome to the Hellfire Club,Tiny,Fiend (Demon),Chaotic Evil,None,None,,None,13,21,3,10,,,40,,,-3,-4,3,0,1,-2,-3,-4,3,0,1,-2,,,,"Cold, Lightning",Poisoned,Poison,60,,,,10,None,1/2,100,2,,,2,Melee,5,5,,,10,Piercing,Melee,5,5,,,7,Slashing,,,,,,,,,,,,,,,,,"Atk 1 adv if target is grappled, Atk 2 on hit grappled",,,,,,,,,,,,,,,,,,,,,
Demodog, Stranger Things: Welcome to the Hellfire Club,Small,Fiend (Demon),Chaotic Evil,None,None,,None,14,27,2,50,,,,,,3,-2,2,1,1,-2,3,-2,2,1,1,-2,Stealth,,,"Cold, Lightning",Poisoned,Poison,60,,,,11,None,1,200,2,Pack Tactics,,1,Melee,5,5,,,8,Piercing,,,,,,,,,,,,,,,,,,,,,,,,Atk 1 on hit target prone,,,,,,,,,,,,,,,,,,,,,
Demodragon, Stranger Things: Welcome to the Hellfire Club,Huge,Fiend (Demon),Chaotic Evil,None,None,,None,16,102,3,40,,,60,,,4,-1,0,1,2,0,4,-1,0,4,5,0,,,,"Acid, Cold, Lightning","Charmed, Frightened, Poisoned",Poison,120,,,,11,None,5,"1,800",3,"Baleful Presence, Regeneration",,2,Melee,7,10,,,15,"Piercing, Acid",,,,,,,,,,,,,,,,,,,,,,13,Dexterity,Acid Breath each creature in 30ft line on fail 22 acid damage,,,,,,,,,,,,,,,,,,,,,
Demogotgon Spawn, Stranger Things: Welcome to the Hellfire Club,Medium,Fiend (Demon),Chaotic Evil,None,None,,None,15,44,2,40,,,,,,3,-1,2,1,1,-2,3,-1,2,1,1,-2,"Perception, Stealth",,,"Cold, Lightning","Charmed, Frightened, Poisoned",Poison,60,,,,13,None,2,450,2,"Baleful Presence, Regeneration, Running Leap",,2,Melee,5,10,,,6,Slashing,Melee,5,5,,,5,Piercing,,,,,,,,,,,,,,,,,Atk 2 on hit grappled and blinded,,,,,,,,,,,,,,,,,,,,,
Deva,2024 Monster Manual,Medium,Celestial (Angel),Lawful Good,Planar (Upper Planes),Planar,Upper Planes,Relics,17,229,4,30,,,90,90,,4,3,4,5,4,5,4,3,4,9,4,9,"Insight, Perception",,,Radiant,"Charmed, Exhaustion, Frightened",,,120,,,19,"All, Telepathy",10,"5,900",4,"Exalted Restoration, Magic Resistance",,2,Melee,8,5,,,25,"Bludgeoning, Radiant",,,,,,,,,,,,,,,,,,,,,,,,,Charisma,17,,9,"Detect Evil and Good, Shapechange",,"Cure Wounds, Lesser Restoration, Remove Curse","Commune, Raise Dead","Cast Cure Wounds, Lesser Restoration, or Remove Curse",,,,,,,,,,,,
Dire Wolf,2024 Monster Manual,Large,Beast,Unaligned,"Forest, Hill","Forest, Hill",,None,14,22,2,50,,,,,,3,-4,2,1,2,-2,3,-4,2,1,2,-2,Stealth,,,,,,,60,,,15,None,1,200,2,Pack Tactics,,1,Melee,5,5,,,8,Piercing,,,,,,,,,,,,,,,,,,,,,,,,Gives prone condition,,,,,,,,,,,,,,,,,,,,,
Dire Worg,2024 Monster Manual,Huge,Fey,Neutral Evil,"Forest, Grassland, Hill, Planar (Feywild)","Forest, Grassland, Hill, Planar",Feywild,None,16,147,2,50,,,,,,6,-2,2,3,4,-1,6,-2,6,7,4,-1,,Perception,,,,,,120,,,21,"Goblin, Sylvan, Worg",10,"5,900",4,Magic Resistance,,3,Melee,10,5,,,22,"Piercing, Poison",,,,,,,,,,,,,,,,,,,,,,16,Wisdom,"Akt 1 poisoned on hit, Dreadful Howl recharges on 5-6 30ft on fail 36 psychic damage and frightened",,,,,,,,,Teleports with a creature 30ft,,,,,,,,,,,,
Displacer Beast,2024 Monster Manual,Large,Monstrosity,Lawful Evil,Forest,Forest,,None,13,76,4,40,,,,,,4,-2,2,1,3,-1,4,-2,2,1,3,-1,,,,,,,,60,,,11,Understands Sylvan,3,700,2,"Avoidance, Displacement",,2,Melee,6,5,,,9,Slashing,Melee,6,10,,,11,Piercing,,,,,,,,,,,,,,,,,Atk 1 on hit prone,,,,,,,,,,,,,,,,,,,,,
Djinni,2024 Monster Manual,Large,Elemental (Genie),Neutral,"Coastal, Planar (Elemental Plane of Air)","Coastal, Planar",Elemental Plane of Air,Arcana,18,218,2,30,,,90,90,,5,2,2,3,6,5,5,2,6,7,6,5,,,,,,"Lightning, Thunder",,120,,,13,Primordial (Auran),11,"7,200",4,"Elemental Restoration, Magic Resistance, Wishes",,3,Melee,9,5,,,19,"Slashing, Lightning",Ranged,9,120,120,,13,,,,,,,,,,,,,,,,17,Strength,"Atk 2 on hit if target is large or smaller prone, Create Whirlwind 20ft radius 60ft high cylinder when target enters on fail restrained and 21 thunder damage",Charisma,17,,9,"Detect Evil and Good, Detect Magic",,"Create Food and Water, Tongues, Wind Walk","Creation, Gaseous Form, Invisibility, Major Image, Plane Shift",,,,,,,,,,,,,
Doppelganger,2024 Monster Manual,Medium,Monstrosity,Neutral,"Underdark, Urban","Underdark, Urban",,Individual,14,52,4,30,,,,,,0,0,4,1,2,2,0,0,4,1,2,2,Insight,Deception,,,Charmed,,,60,,,11,Common plus three other languages,3,700,2,,,3,Melee,6,5,,,11,Bludgeoning,,,,,,,,,,,,,,,,,,,,,,12,Wisdom,"Read Thoughts cast detect thoughts, Unsettling Visage within 15ft on fail frightened",,,,,,,,,Shape-shift,,,,,,,,,,,,
Dracolich,2024 Monster Manual,Huge or Gargantuan,Undead,Lawful Evil,Any,Any,,Any,20,225,12,40,30,,80,,,7,4,0,2,6,5,7,4,6,8,6,5,Stealth,Perception,,,"Charmed, Exhaustion, Frightened, Paralyzed, Poisoned","Necrotic, Poison",60,120,,,24,"Common, Draconic",17,"18,000",6,"Life Suppression, Magic Resistance, Soul Gem",,3,Melee,13,10,,,22,"Slashing, Necrotic",Ranged,11,60,60,,14,Poison,,,,,,,,,,,,,,,20,Constitution,"Akt 2 is a casting of Ray of Sickness (level 2), Necrotic Breath recharges 5-6 60ft coone on fail 52 necrotic damage",Charisma,19,Constitution,11,"Detect Magic, Ray of Sickness (level 2)",,,"Create Undead (Level 8), Finger of Death",,,3,19,Wisdom,"Pounce,Cast  Sickening Ray (level 2), Terrifying Presence: within 30ft on fail 11 psychic damage and frightened",Yes,"20,000",4,4,15,Constitution,On fail Exhaustion
Draft Horse,2024 Monster Manual,Large,Beast,Unaligned,Urban,Urban,,None,10,15,0,40,,,,,,4,-4,0,0,2,-2,4,-4,0,0,2,-2,,,,,,,,,,,10,None,1/4,50,2,,,1,Melee,6,5,,,6,Bludgeoning,,,,,,,,,,,,,,,,,,,,,,,,,,,,,,,,,,,,,,,,,,,,,
Dragon Turtle,2024 Monster Manual,Gargantuan,Dragon,Neutral,"Coastal, Underwater","Coastal, Underwater",,Any,20,356,6,20,,,,,50,7,0,0,1,5,1,7,0,0,7,11,1,,,,Fire,,,,120,,,11,"Draconic, Primordial (Aquan)",17,"18,000",6,Amphibious,,3,Melee,13,15,,,30,"Piercing, Fire",Melee,13,15,,,18,Bludgeoning,,,,,,,,,,,,,,,19,Constitution,"Akt 1 the water does not grant resistance to the fire, Akt 2 gives prone condition, Steam Breath recharges 5-6 60ft coone 56 fire damage",,,,,,,,,,,,,,,,,,,,,
Dreaming Dark Infiltrator,Eberrron: Forge of the Artificer,Medium or Small,Humanoid,Lawful Evil,None (NPC),None,NPC,None,15,104,3,30,,,,,,2,4,3,3,2,3,2,7,3,6,2,6,"Deception, Insight, Stealth",,,Psychic,,,,,30,,13,"Common, Quori",7,"2,900",3,,,3,Melee,7,5,,,14,Psychic,Ranged,7,30,30,,14,Psychic,,,,,,,,,,,,,,,15,Wisdom,,Intelligence,15,"Intelligence, Wisdom",5,,Detect Thoughts,,Synaptic Static,Mind Curse on fail save 14 psychic damage and cursed,,,,,,,,,,,,
Dreaming Dark Mindkiller,Eberrron: Forge of the Artificer,Medium or Small,Humanoid,Lawful Evil,None (NPC),None,NPC,None,19,180,4,30,,,,,,2,5,4,4,3,3,2,9,4,8,3,7,"Deception, Insight, Stealth",,,Psychic,"Charmed, Frightened",,,,30,,18,"Common, Quori",11,"7,200",4,,,2,Melee,9,5,,,27,Psychic,Ranged,9,30,30,,27,Psychic,,,,,,,,,,,,,,,17,Wisdom,"Atk 1 and 2 on hit target is frightened and if already frightened does 10 extra psychic damage, Primal Fear once per day in 30ft sphere within 120ft on fail save 35 psychic damage and frightened and while frightened can only move take action or bonus action",Intelligence,17,Wisdom,9,,,,Dominate Person,Cast Dominate person,,,,,,,,,,,,
Dretch,"2024 Monster Manual,  Stranger Things: Welcome to the Hellfire Club",Small,Fiend (Demon),Chaotic Evil,Planar (Abyss),Planar,Abyss,None,11,18,0,20,,,,,,1,-3,0,-1,1,-4,1,-3,0,-1,1,-4,,,,"Cold, Fire, Lightning",Poisoned,Poison,,60,,,9,"Abyssal, Telepathy",1/4,50,2,,,1,Melee,3,5,,,4,Slashing,,,,,,,,,,,,,,,,,,,,,,11,Constitution,Fetid Cloud 1/day within 10 ft on fail the target is poisoned and only take an action or a bonus action also no reactions,,,,,,,,,,,,,,,,,,,,,
Drider,2024 Monster Manual,Large,Monstrosity,Chaotic Evil,"Forest, Underdark","Forest, Underdark",,Armaments,19,123,4,30,,30,,,,3,1,4,3,4,1,3,1,4,3,4,1,Perception,Stealth,,,,,,120,,,16,"Elvish, Undercommon",6,"2,300",3,"Spider Climb, Sunlight Sensitivity, Web Walker",,3,Melee,7,10,,,13,Piercing,Ranged,6,120,120,,13,Poison,,,,,,,,,,,,,,,14,Dexterity,,,,,,,,,,"Magic of Spider Queen recharges 5-6 cast Darkness, Faerie Fire, or Web",,,,,,,,,,,,
Drow Elite Warrior of Lolth, Forgotten Realms: Adventures in Faerûn,Medium,Humaniod (Elf),Chaotic Evil,"Underdark, Urban","Underdark, Urban",,Any,18,71,4,30,,,,,,1,0,4,1,2,1,1,0,7,4,5,1,Perception,Stealth,,,,,,120,,,14,"Common, Elvish, Undercommon",5,"1,800",3,"Fey Ancestry, Sunlight Sensitivity",,2,Melee,7,5,,,21,"Piercing, Poison",Ranged,7,30/120,30,120,7,Piercing,,,,,,,,,,,,,,,15,Constitution,"Hit the ranged attack, on fail poisoned and unconscious",Charisma,12,Dexterity,3,,"Darkness, Faerie Fire, Levitate",,,"Underdark Magic cast darkness, faerie fire or levitate (self only)",,,,,,,,,,,,
Drow Mage of Lolth, Forgotten Realms: Adventures in Faerûn,Medium,Humaniod (Elf),Chaotic Evil,"Underdark, Urban","Underdark, Urban",,Any,15,81,12,30,,,,15,,-1,3,2,1,0,1,-1,3,5,4,0,1,"Arcana, Perception, Stealth",,,,,,,120,,,14,"Abyssal, Common, Elvish, Undercommon",7,"2,900",3,"Fey Ancestry, Sunlight Sensitivity",,3,Melee,6,5,,,21,Poison,Ranged,6,120,120,,21,Poison,,,,,,,,,,,,,,,,,,Intelligence,14,,6,"Dancing Lights, Mage Armor, Mage Hand, Minor Illusion","Faerie Fire, Misty Step",,Summon Fiend,Underdark Magic cast faerie fire or Misty Step,,,,,,,,,,,,
Drow of Loth, Forgotten Realms: Adventures in Faerûn,Medium,Humaniod (Elf),Chaotic Evil,"Underdark, Urban","Underdark, Urban",,Any,15,13,2,30,,,,,,0,0,2,0,0,1,0,0,2,0,0,1,"Perception, Stealth",,,,,,,120,,,12,"Common, Elvish, Undercommon",1/4,50,2,"Fey Ancestry, Sunlight Sensitivity",,1,Melee,4,5,,,6,Piercing,Ranged,4,30/120,30,120,4,Piercing,,,,,,,,,,,,,,,12,Constitution,"Hit the ranged attack, on fail poisoned or failed by 5 or more Unconscious",Charisma,11,Dexterity,2,Dancing LIghts,,,Faerie Fire,,,,,,,,,,,,,
Drow Priestes of Lolth, Forgotten Realms: Adventures in Faerûn,Medium,Humaniod (Elf),Chaotic Evil,"Underdark, Urban","Underdark, Urban",,Any,16,99,2,30,,,,15,,0,1,2,4,1,3,0,1,2,7,4,6,"Insight, Perception, Religion, Stealth",,,,,,,120,,,17,"Abyssal, Common, Elvish, Undercommon",8,"3,900",3,"Fey Ancestry, Sunlight Sensitivity",,3,Melee,5,10,,,23,"Piercing, Poison",,,,,,,,,,,,,,,,,,,,,,15,Constitution,Spider Vortex: within 20ft on fail 33 piercing damage and restrained,Wisdom,15,,7,"Dancing Lights, Guidance, Thaumaturgy","Cure Wounds, Darkness, Dispel Magic, Lesser",,,,,,,,,,,,,,,
Druid,2024 Monster Manual,Medium or Small,Humanoid,Neutral,Any,Any,,"Individual, Relics",13,44,1,30,,,,,,0,1,1,3,1,0,0,1,1,3,1,0,"Medicine, Nature, Perception",,,,,,,,,,15,"Common, Druidic, Sylvan",2,450,2,,,2,Melee,5,5,,,9,"Bludgeoning, Poison",Ranged,5,90,90,,10,Radiant,,,,,,,,,,,,,,,,,,Wisdom,13,"Constitution, Strength",5,"Druidcraft, Speak with Animals",,"Entangle, Thunderwave","Animal Messenger, Longstrider, Moonbeam",,,,,,,,,,,,,
Dryad,2024 Monster Manual,Medium,Fey,Neutral,Forest,Forest,,Any,16,22,1,30,,,,,,0,2,1,2,0,4,0,2,1,2,0,4,Perception,Stealth,,,,,,60,,,14,"Elvish, Sylvan",1,200,2,"Magic Resistance, Speak with Beasts and Plants",,2,Melee,6,10,,,8,Slashing,Ranged,6,60,60,,7,Piercing,,,,,,,,,,,,,,,,,Can cast Charm Monster as part of its Akt action,Charisma,14,Strength,6,"Animal Friendship, Charm Monster (lasts 24 hours), Druidcraft",,,"Entangle, Pass without Trace",Teleport using trees within 60ft,,,,,,,,,,,,
Dust Mephit,2024 Monster Manual,Small,Elemental,Neutral Evil,"Desert, Planar (Elemental Planes)","Desert, Planar",Elemental Planes,None,12,17,2,30,,,30,,,-3,-1,2,0,0,0,-3,-1,2,0,0,0,"Perception, Stealth",,Fire,,"Exhaustion, Poisoned",Poison,,60,,,12,"Primordial (Auran, Terran)",1/2,100,2,Death Burst,,1,Melee,4,5,,,4,Slashing,,,,,,,,,,,,,,,,,,,,,,10,"Dexterity, Wisdom","Blinding Breath recharges on 6 15ft cone on fail blinded, Sleep 1/day cast sleep",,,,,,,,,,,,,,,,,,,,,
Eagle,2024 Monster Manual,Small,Beast,Unaligned,"Coastal, Grassland, Hill, Mountain","Coastal, Grassland, Hill, Mountain",,None,12,4,2,10,,,60,,,-2,-4,2,2,1,-2,-2,-4,2,2,1,-2,,Perception,,,,,,,,,16,None,0,10,2,,,1,Melee,4,5,,,4,Slashing,,,,,,,,,,,,,,,,,,,,,,,,,,,,,,,,,,,,,,,,,,,,,
Earth Elemental,2024 Monster Manual,Large,Elemental,Neutral,"Mountain, Planar (Elemental Plane of Earth), Underdark","Mountain, Planar, Underdark",Elemental Plane of Earth,None,17,147,-1,30,30,,,,,5,-3,-1,0,5,-3,5,-3,-1,0,5,-3,,,Thunder,,"Exhaustion, Paralyzed, Petrified, Poisoned, Unconscious",Poison,,60,,60,10,Primordial (Terran),5,"1,800",3,"Earth Glide, Siege Monster",,2,Melee,8,10,,,14,Bludgeoning,Ranged,8,60,60,,8,Bludgeoning,,,,,,,,,,,,,,,,,Atk 2 on hit prone,,,,,,,,,,,,,,,,,,,,,
Efreeti,2024 Monster Manual,Large,Elemental (Genie),Neutral,"Desert, Planar (Elemental Plane of FIre)","Desert, Planar",Elemental Plane of FIre,Armaments,17,212,1,40,,,60,60,,6,3,1,2,7,4,6,3,1,6,7,8,,,,,,Fire,,120,,,12,Primordial (Ignan),11,"7,200",4,"Elemental Restoration, Magic Resistance, Wishes",,3,Melee,10,5,,,26,"Slashing, Fire",Ranged,8,120,120,,24,Fire,,,,,,,,,,,,,,,,,,Charisma,16,Dexterity,8,"Detect Magic, Elementalism",,,"Gaseous Form, Invincibility, Major Image, Plane Shift, Tongues, Wall of Fire (level 7)",,,,,,,,,,,,,
Eldritch Eddy," Netheril’s Fall: Tales of Terror, Treasure, and Time Travel",Large,Construct,Chaotic Neutral,Urban,Urban,,None,11,144,1,10,,,,40,,0,1,1,-1,3,3,0,4,4,-1,3,6,,,,Force,"Charmed, Exhaustion, Frightened, Paralyzed, Petrified, Poisoned","Fire, Lightning",60,,,,9,"Understands Common, plus one other language",6,"2,300",3,Magic Resistance,,2,Melee,6,10,,,13,"Fire, Lightning",Ranged,6,120,120,,14,Force,,,,,,,,,,,,,,,14,Strength,,,,,,,,,,,Eldritch Overload when takes damage creatures within 5ft on fail take 7 force damage and prone,,,,,,,,,,,
Elemental Cataclysm,2024 Monster Manual,Gargantuan,Elemental (Titan),Chaotic Neutral,Planar (Elemental Chaos),Planar,Elemental Chaos,None,20,370,18,60,60,,80,80,80,8,-1,4,2,8,-1,8,-1,11,9,15,6,,,,,"Blinded, Charmed, Deafened, Exhaustion, Frightened, Grappled, Paralyzed, Petrified, Poisoned, Prone, Restrained, Stunned, Unconscious","Acid, Cold, Fire, Lightning, Poison, Thunder",,,150,,12,Primordial,22,"41,000",7,"Earth Glide, Siege Monster",4,2,Melee,15,30,,,25,"Acid, Cold, Fire, Lightning, or Thunder",Ranged,15,150,150,,25,"Acid, Cold, Fire, Lightning, or Thunder",,,,,,,,,,,,,,,23,"Dexterity, Strength","Control Weather, cast control weather, Cataclysmic Event recharges on 4-6: Clinging Flame within 60ft sphere on fail 45 fire damage and burning, Freezing Waves 90ft cone on fail 44 bludgeoning and cold damage prone and speed reduced to 0, Raging Storm 60ft sphere when in blinded and deafened on fail 36 lightning and thunder damage, Swallowing Earth 90ft cube 36 bludgeoning and acid damage prone buried restrained total cover and suffocating",,,,,,,,,,,3,23,Constitution,"Eruption: make another atk, Rumbling Movement: move up to half its speed without opportunity attacks within 5 ft on fail prone",,,,,,,
Elemental Cultist,2024 Monster Manual,Medium or Small,Humanoid (Cultist),Chaotic Evil,Any,Any,," Individual, Relics",16,135,4,30,,,,,,4,2,1,4,3,1,4,2,1,7,6,1,"Arcana, Perception, Religion",,,,,,,,,,17,"Common, Primordial",8,"3,900",3,,,3,Melee,7,5,,,25,"Acid, Cold, Fire, Lightning or Thunder",Ranged,7,120,120,,22,"Acid, Cold, Fire, Lightning or Thunder",,,,,,,,,,,,,,,,,Atk 2 on hit move target 10ft,Wisdom,15,,7,"Elementalism, Mage Hand",,,,,Elemental Absorption takes elemental damage gives itself resistance and 10 temp hp,,,,,,,,,,,
Elephant,2024 Monster Manual,Huge,Beast,Unaligned,Grassland,Grassland,,None,12,76,-1,40,,,,,,6,-4,-1,0,3,-2,6,-4,-1,0,3,-2,,,,,,,,,,,10,None,4,"1,100",2,,,2,Melee,8,5,,,15,Piercing,,,,,,,,,,,,,,,,,,,,,,,,"If charging, gives prone condition",,,,,,,,,,,,,,,,,,,,,
Elk,2024 Monster Manual,Large,Beast,Unaligned,"Grassland, Hill","Grassland, Hill",,None,10,11,0,50,,,,,,3,-4,0,0,0,-2,3,-4,0,0,0,-2,Perception,,,,,,,60,,,12,None,1/4,50,2,,,1,Melee,5,5,,,6,Bludgeoning,,,,,,,,,,,,,,,,,,,,,,,,"If charging, +3 damage and gives prone condition",,,,,,,,,,,,,,,,,,,,,
Emerald Claw Commander,Eberrron: Forge of the Artificer,Medium or Small,Humanoid,Lawful Evil,None (NPC),None,NPC,None,20,78,2,30,,,,,,4,2,0,1,2,2,4,2,0,3,4,2,"Athletics, Intimidation, Perception",,,,,,,,,,13,"Common, Dwarvish",4,"1,100",2,Aura of Authority,,2,Melee,6,5,,,8,Bludgeoning,Melee,6,5,,,7,Piercing,Ranged,6,30/120,30,120,7,Piercing,,,,,,,,,,When bloodied deals an extra 7 necrotic damage ,,,,,,,,,,,,,,,,,,,,,
Emerald Claw Knight,Eberrron: Forge of the Artificer,Medium or Small,Humanoid,Lawful Evil,None (NPC),None,NPC,None,18,52,0,30,,,,,,3,1,0,0,2,1,3,1,0,2,2,1,"Athletics, Perception",,,,,,,,,,12,"Common, Dwarvish",2,450,2,,,2,Melee,5,5,,,7,Bludgeoning,Melee,5,5,,,6,Piercing,Ranged,5,30/120,30,120,6,Piercing,,,,,,,,,,When bloodied deals an extra 4 necrotic damage ,,,,,,,,,,,,,,,,,,,,,
Empyrean,2024 Monster Manual,Huge,Celestial or Fiend (Titan),Neutral,Any,Any,,Relics,22,346,19,50,,,50,50,50,10,5,5,6,10,8,17,5,5,13,10,8,"Insight, Perception",,,"Bludgeoning, Piercing, Slashing",,"Necrotic, Radiant",,,120,,23,All,23,"50,000",7,Magic Resistance,4,2,Melee,17,10,,,31,Force,Ranged,15,600,600,,35,Necrotic or Radiant,,,,,,,,,,,,,,,,,Akt 1 target is stunned or take 21 more damage,Charisma,23,Charisma,15,"Calm Emotions, Greater Restoration, Pass without Trace, Water Breathing",,,"Commune, Dispel Evil and Good, Plane Shift",,,3,23,Constitution,"Bolster: 10 temp hp and allies get advantage on everything, Shockwave of Glory: 30ft emanation 27 force damage and prone, make another range attack",,,,,,,
Empyrean Iota,2024 Monster Manual,Medium,Celestial or Fiend (Titan),Neutral,Any,Any,,Relics,13,22,2,5,,,30,30,,-5,2,2,3,0,3,-5,2,2,3,0,3,"History, Insight, Perception",,,"Bludgeoning, Piercing, Slashing",Prone,,,,30,,15,All,1,200,2,"Incorporeal, Magic Resistance",,1,Melee,5,5,,,7,Necrotic or Radiant,Ranged,5,30,30,,7,Necrotic or Radiant,,,,,,,,,,,,,,,,,,Wisdom,,,,,,,"Bless, Healing Word, Lesser Restoration (as an action)",Cast Healing Word,,,,,,,,,,,,
Erinyes,2024 Monster Manual,Medium,Fiend (Devil),Lawful Evil,Planar (Nine Hells),Planar,Nine Hells,Armaments,18,178,7,30,,,60,,,4,2,3,2,4,4,4,2,7,2,8,8,"Perception, Persuasion",,,Cold,Poisoned,"Fire, Poison",,,120,,16,"Infernal, Telepathy",12,"8,400",4,"Demonic Restoration, Magic Resistance, Magic Rope",,4,Melee,8,5,,,24,"Slashing, Necrotic",,,,,,,,,,,,,,,,,,,,,,16,Strength,Entangling Rope Within 120ft on fail a target 14 force damage and restrained,,,,,,,,,Release target from entangling rope,When hit +4 to AC,,,,,,,,,,,
Ettercap,2024 Monster Manual,Medium,Monstrosity,Neutral Evil,Forest,Forest,,Implements,13,44,2,30,,30,,,,2,-2,2,1,1,-1,2,-2,2,1,1,-1,"Perception, Stealth, Survival",,,,,,,60,,,13,None,2,450,2,"Spider Climb, Web Walker",,2,Melee,4,5,,,7,"Piercing, Poison",Melee,4,5,,,7,Slashing,,,,,,,,,,,,,,,12,Dexterity,"Atk 1 on hit poisoned, Web Strand recharges on 5-6 a target within 30ft on fail restrained",,,,,,,,,Reel pulls a creature within 30ft and restrained 25ft,,,,,,,,,,,,
Ettin,2024 Monster Manual,Large,Giant,Chaotic Evil,"Hill, Mountain, Underdark","Hill, Mountain, Underdark",,Individual,12,85,-1,40,,,,,,5,-2,-1,0,3,-1,5,-2,-1,0,3,-1,,Perception,,,"Blinded, Charmed, Deafened, Frightened, Stunned, Unconscious",,,60,,,14,Giant,4,"1,100",2,,,2,Melee,7,5,,,14,Slashing,Melee,7,5,,,14,Piercing,,,,,,,,,,,,,,,,,"Atk 1 on hit prone, Atk 2 target has disadvantage on the next attack roll",,,,,,,,,,,,,,,,,,,,,
Faerie Dragon Adult,2024 Monster Manual,Tiny,Dragon,Chaotic Good,Forest,Forest,,Implements,15,35,5,10,,,60,,,-4,2,5,1,1,3,-4,2,5,1,1,3,"Arcana, Perception, Stealth",,,,,,,60,,,13,"Draconic, Sylvan, Telepathy",2,450,2,Magic Resistance,,1,Melee,7,5,,,10,"Piercing, Psychic",,,,,,,,,,,,,,,,,,,,,,13,Wisdom,Euphoria Breath recharge on 5-6 15ft coone and incapacitated and moves in random directions,Charisma,13,Wisdom,5,"Dancing Lights, Mage Hand, Minor Illusion",,,"Hallucinatory Terrain, Polymorph",Cast Greater Invisibility,,,,,,,,,,,,
Faerie Dragon Youth,2024 Monster Manual,Tiny,Dragon,Chaotic Good,Forest,Forest,,Implements,13,21,3,10,,,60,,,-4,1,3,1,1,2,-4,1,3,1,1,2,"Arcana, Perception, Stealth",,,,,,,60,,,13,"Draconic, Sylvan, Telepathy",1,200,2,,,1,Melee,5,5,,,7,"Piercing, Psychic",,,,,,,,,,,,,,,,,,,,,,12,Wisdom,Euphoria Breath recharge on 5-6 15ft coone and incapacitated and moves in random directions,Charisma,12,,4,"Dancing Lights, Mage Hand, Minor Illusion",,,,,,,,,,,,,,,,
Fiend Cultist,2024 Monster Manual,Medium or Small,Humanoid (Cultist),Neutral Evil,Any,Any,," Individual, Relics",16,127,5,30,,,,,,4,1,2,4,3,0,4,1,2,7,6,0,"Perception, Religion",,,,,,,90,,,17,"Abyssal, Common, Infernal",8,"3,900",3,,,3,Melee,7,5,,,23,"Slashing, Fire",,,,,,,,,,,,,,,,,,,,,,,,,Wisdom,15,Dexterity,7,"Hellish Rebuke, Scorching Ray (level 5), Thaumaturgy",,Fireball (level 6),,,Hellish Rebuke cast hellish rebuke,,,,,,,,,,,
Fiendish Icon, Astarion's Book of Hungers,Small,Construct,Lawful Evil,Urban,Urban,,None,13,22,1,30,,,,,,2,-2,1,0,1,-2,2,-2,1,0,1,-2,Stealth,,,"Fire, Poison","Charmed, Deafened, Exhaustion, Frightened, Paralyzed, Petrified, Poisoned",,,60,,,10,"Understnad Common, Infernal",1,200,2,Magic Resistance,,2,Melee,4,5,,,4,Bludgeoning,,,,,,,,,,,,,,,,,,,,,,11,Dexterity,Fiery Eruption creatures within 5ft on fail 7 fire damage,,,,,,,,,,,,,,,,,,,,,
Fire Elemental,2024 Monster Manual,Large,Elemental,Neutral,"Desert, Planar (Elemental Plane of FIre)","Desert, Planar",Elemental Plane of FIre,None,13,93,3,50,,,,,,0,-2,3,0,3,-2,0,-2,3,0,3,-2,,,,"Bludgeoning, Piercing, Slashing","Exhaustion, Grappled, Paralyzed, Petrified, Poisoned, Prone, Restrained, Unconscious","FIre, Poison",,60,,,10,Primordial (Ignan),5,"1,800",3,"Fire Aura, Fire Form, Illumination, Water Susceptibility",,2,Melee,6,5,,,10,Fire,,,,,,,,,,,,,,,,,,,,,,,,On hit starts burning,,,,,,,,,,,,,,,,,,,,,
Fire Giant,2024 Monster Manual,Huge,Giant,Lawful Evil,"Mountain, Underdark","Mountain, Underdark",,Armaments,18,162,3,30,,,,,,7,0,-1,2,6,1,7,0,3,2,10,5,"Athletics, Perception",,,,,Fire,,,,,16,Giant,9,"5,000",4,,,2,Melee,11,10,,,31,"Slashing, Fire",Ranged,11,60/240,60,240,27,"Bludgeoning, Fire",,,,,,,,,,,,,,,,,Atk 2 on hit pushed 15ft and has disadvantage,,,,,,,,,,,,,,,,,,,,,
Flameskull,2024 Monster Manual,Tiny,Undead,Neutral Evil,Underdark,Underdark,,Arcana,13,40,3,5,,,40,40,,-5,3,3,0,2,0,-5,3,3,0,2,0,"Arcana, Perception",,,,"Charmed, Exhaustion, Frightened, Paralyzed, Poisoned, Prone","Fire, Necrotic, Poison",,60,,,12,"Common, 2 other languages",4,"1,100",2,"Illumination, Magic Resistance, Undead Restoration",,2,Melee,5,5,,,13,Fire,Ranged,5,60,60,,13,Fire,,,,,,,,,,,,,,,,,,Intelligence,13,Dexterity,5,Mage Hand,,Magic Missile (level 2),Fireball,,,,,,,,,,,,,
Flaming Skeleton,2024 Monster Manual,Medium,Undead,Lawful Evil,"Planar (Shadowfell), Underdark, Urban","Planar, Underdark, Urban",Shadowfell,None,15,65,2,30,,,,,,0,0,2,2,2,-1,0,0,2,2,2,-1,,,Bludgeoning,,"Exhaustion, Poisoned","Fire, Poison",,60,,,12,"Understands Common, Another language",3,700,2,"Death Burst, Illumination",,2,Melee,4,5,,,8,Bludgeoning,Ranged,4,60,60,,7,Fire,,,,,,,,,,,,,,,12,Dexterity,,,,,,,,,,,,,,,,,,,,,,
Flesh Golem,2024 Monster Manual,Medium,Construct,Neutral,Any,Any,,Arcana,9,127,-1,30,,,,,,4,-2,-1,0,4,-3,4,-2,-1,0,4,-3,,,,,"Charmed, Exhaustion, Frightened, Paralyzed, Petrified, Poisoned","Lightning, Poison",,60,,,10,"Understands Common, Another language",5,"1,800",3,"Aversion to Fire, Berserk, Immutable Form, Lightning Absorption, Magic Resistance",,2,Melee,7,5,,,17,"Bludgeoning, Lightning",,,,,,,,,,,,,,,,,,,,,,,,,,,,,,,,,,,,,,,,,,,,,
Flizzlebin, Stranger Things: Welcome to the Hellfire Club,Small,Humanoid (Gnome),Chaotic Good,None,None,,None,12,38,2,30,,,,,,-1,3,2,0,2,1,-1,3,2,0,2,1,"Arcana, Stealth",,,,,,60,,,,10,"Common, Dwarvish, Gnomish",1,200,2,"Magic Resistance, Ventriloquist",,1,Melee,5,5,,,10,Radiant,Ranged,5,60,,,10,Radiant,,,,,,,,,,,,,,,,,Vanishing Trick 3/day is invisible for 10 min,,,,,,,,,,Distracting Glitter when hit increase AC by 2 possibly miss,,,,,,,,,,,
Flumph,2024 Monster Manual,Small,Aberration,Lawful Good,Underdark,Underdark,,Arcana,12,7,2,5,,,30,30,,-2,2,2,2,0,0,-2,2,2,2,0,0,"Arcanna, History, Religion",,Psychic,,,,,60,,,12,"Understands Undercommon, Telepathy",1/8,25,2,,,1,Melee,4,5,,,4,Acid,,,,,,,,,,,,,,,,,,,,,,10,Dexterity,Within 15ft poisoned,,,,,,,,,,,,,,,,,,,,,
Flying Snake,2024 Monster Manual,Tiny,Monstrosity,Unaligned,"Desert, Forest, Grassland","Desert, Forest, Grassland",,None,14,5,2,30,,,60,,30,-3,-4,2,1,0,-3,-3,-4,2,1,0,-3,,,,,,,10,,,,11,None,1/8,25,2,Flyby,,1,Melee,4,5,,,6,"Piercing, Poison",,,,,,,,,,,,,,,,,,,,,,,,,,,,,,,,,,,,,,,,,,,,,
Fomorian,2024 Monster Manual,Huge,Giant,Chaotic Evil,Underdark,Underdark,,Any,14,172,0,40,,,,,,6,-1,0,2,5,-2,6,-1,0,2,5,-2,Stealth,Perception,,,,,,120,,,18,"Giant, Undercommon",8,"3,900",3,,,2,Melee,9,15,,,24,Bludgeoning,,,,,,,,,,,,,,,,,,,,,,16,Wisdom,Warping Hex within 120 ft on fail 21 psychic damage and 1 exhaustion level,,,,,,,,,,,,,,,,,,,,,
Frog,2024 Monster Manual,Tiny,Beast,Unaligned,"Forest, Swamp","Forest, Swamp",,None,10,11,0,50,,,,,,-5,-5,1,-1,-1,-4,-5,-5,1,-1,-1,-4,"Perception, Stealth",,,,,,,30,,,11,None,0,10,2,"Amphibious, Standing Leap",,1,Melee,3,5,,,1,Piercing,,,,,,,,,,,,,,,,,,,,,,,,,,,,,,,,,,,,,,,,,,,,,
Frost Giant,2024 Monster Manual,Huge,Giant,Neutral Evil,"Arctic, Mountain","Arctic, Mountain",,Armaments,15,149,2,40,,,,,,6,-1,-1,0,5,1,6,-1,-1,3,8,4,"Athletics, Perception",,,,,Cold,,,,,13,Giant,8,"3,900",3,,,2,Melee,9,10,,,28,"Slashing, Cold",Ranged,9,150/600,150,600,24,"Piercing, Cold",,,,,,,,,,,,,,,,,Atk 2 on hit reduce speed by 10ft,,,,,,,,,War Cry recharges on 5-6 gains 16 temp hp,,,,,,,,,,,,
Galeb Duhr,2024 Monster Manual,Medium,Elemental,Neutral,"Hill, Mountain","Hill, Mountain",,Any,16,123,2,15,,,,,,5,0,2,1,5,0,5,0,2,1,5,0,,,,,"Charmed, Exhaustion, Frightened, Paralyzed, Petrified, Poisoned",Poison,,60,,60,11,Primordial (Terran),6,"2,300",3,,,1,Melee,8,5,,,12,Bludgeoning,,,,,,,,,,,,,,,,,,,,,,,,"Atk 1 charge attack if moved 20ft+ extra 7 damage and prone, Animate Boulders 1/day creates one or two Galeb Duhr",,,,,,,,,,,,,,,,,,,,,
Gargoyle,2024 Monster Manual,Medium,Elemental,Chaotic Evil,"Underdark, Urban","Underdark, Urban",,Any,15,67,2,30,,,60,,,2,-2,0,0,3,-2,2,-2,0,0,3,-2,,Stealth,,,"Exhaustion, Petrified, Poisoned",Poison,,60,,,10,Primordial (Terran),2,450,2,Flyby,,2,Melee,4,5,,,7,Slashing,,,,,,,,,,,,,,,,,,,,,,,,,,,,,,,,,,,,,,,,,,,,,
Gas Spore Fungus,2024 Monster Manual,Large,Plant,Unaligned,Underdark,Underdark,,None,8,13,-5,5,,,10,10,,-3,-5,-5,-5,-4,-5,-3,-5,-5,-5,-4,-5,,,,,"Blinded, Charmed, Deafened, Frightened, Paralyzed, Poisoned, Prone",Poison,30,,,,5,None,1/2,100,2,Death Burst,,1,Melee,0,5,,,3,Poison,,,,,,,,,,,,,,,,,,,,,,10,Constitution,Atk 1 on hit poisoned,,,,,,,,,,,,,,,,,,,,,
Gelatinous Cube,2024 Monster Manual,Large,Ooze,Unaligned,Underdark,Underdark,,Any,6,63,-4,15,,,,,,2,-5,-4,-2,5,-5,2,-5,-4,-2,5,-5,,,,,"Blinded, Charmed, Deafened, Exhaustion, Frightened, Prone",Acid,60,,,,8,None,2,450,2,"Ooze Cubee, Transparent",,1,Melee,4,5,,,12,Acid,,,,,,,,,,,,,,,,,,,,,,12,Dexterity,Engulf moves through a creature's space on fail is engulfed total cover 10 acid damage every round suffocating restrained ,,,,,,,,,,,,,,,,,,,,,
Ghallanda Troubleshooter,Eberrron: Forge of the Artificer,Small,Humanoid (Halfling),Neutral,None (NPC),None,NPC,None,14,78,3,30,,,,,,0,1,3,2,3,3,0,1,5,4,5,5,"Insight, Perception, Stealth",,,,Frightened,,,,,,14,"Common, Halfing",3,700,2,Hustle,,2,Melee,5,5,,,5,Piercing,Ranged,5,20/60,20,60,5,Piercing,,,,,,,,,,,,,,,,,On hit the target is poisoned,Charisma,13,,4,,,,"Sleep, Unseen Servant",Nimble Escape take the disengage or hide action,,,,,,,,,,,,
Ghast,2024 Monster Manual,Medium,Undead,Chaotic Evil,"Swamp, Underdark, Urban","Swamp, Underdark, Urban",,Any,13,36,3,30,,,,,,3,0,3,0,0,-1,3,0,3,2,0,-1,,,,Necrotic,"Charmed, Exhaustion, Poisoned",Poison,,60,,,10,Common,2,450,2,Stench,,1,Melee,5,5,,,16,"Piercing, Necrotic",Melee,5,5,,,10,Slashing,,,,,,,,,,,,,,,10,Constitution,Akt 2 on hit and fail paralyzed,,,,,,,,,,,,,,,,,,,,,
Ghast Gravecaller,2024 Monster Manual,Medium,Undead,Chaotic Evil,"Swamp, Underdark, Urban","Swamp, Underdark, Urban",,Any,16,97,3,30,,,,,,3,4,3,2,2,-1,3,4,3,5,5,-1,,,,,"Charmed, Exhaustion, Poisoned","Necrotic, Poison",,120,,,12,"Abyssal, Common",6,"2,300",3,Stench,,2,Melee,6,5,,,13,Slashing,Melee,7,5,,,15,Necrotic,Ranged,7,120,120,,15,Necrotic,,,,,,,,13,Constitution,"Akt 1 on hit paralyzed, Akt 2 on hit Frightened",Intelligence,,,,"Speak with Dead, Thaumaturgy",,,,,,,,,,,,,,,,
Ghost,2024 Monster Manual,Medium,Undead,Neutral,"Underdark, Urban","Underdark, Urban",,Any,11,45,5,5,,,40,40,,-2,0,1,1,0,3,-2,0,1,1,0,3,,,,"Acid, Bludgeoning, Cold, Fire, Lightning, Piercing, Slashing, Thunder","Charmed, Exhaustion, Frightened, Grappled, Paralyzed, Petrified, Poisoned, Prone, Restrained","Necrotic, Poison",,60,,,11,Common plus another language,4,"1,100",2,"Ethereal Sight, Incorporeal Movement",,2,Melee,5,5,,,19,Necrotic,,,,,,,,,,,,,,,,,,,,,,13,"Wisdom, Charisma","Etherealness cast Etherealness, 60ft coone 10 Psychic and Frightened, Possession recharges on 6 on fail Incapacitated and last until drop to 0 hp or the ghost leaves",,,,,,,,,,,,,,,,,,,,,
Ghoul,2024 Monster Manual,Medium,Undead,Chaotic Evil,"Swamp, Underdark, Urban","Swamp, Underdark, Urban",,Any,12,22,2,30,,,,,,1,-2,2,0,0,-2,1,-2,2,0,0,-2,,,,,"Charmed, Exhaustion, Poisoned",Poison,,60,,,10,Common,1,200,2,,,2,Melee,4,5,,,8,"Piercing, Necrotic",Melee,4,5,,,4,Slashing,,,,,,,,,,,,,,,10,Constitution,Akt 2 on hit and fail Paralyzed,,,,,,,,,,,,,,,,,,,,,
Giant Ape,2024 Monster Manual,Huge,Beast,Unaligned,Forest,Forest,,None,12,168,5,40,,40,,,,6,-3,2,1,4,-2,6,-3,2,1,4,-2,"Athletics, Survival",,,,,,,,,,14,None,7,"2,900",3,,,2,Melee,9,10,,,22,Bludgeoning,,,,,,,,,,,,,,,,,,,,,,17,Dexterity,AOE attack DEX save 5ft radius sphere 24 damage and prone,,,,,,,,,,,,,,,,,,,,,
Giant Axe Beak,2024 Monster Manual,Huge,Monstrosity,Unaligned,"Arctic, Grassland, Hill","Arctic, Grassland, Hill",,None,15,84,5,50,,,,,,5,-4,2,1,4,-3,5,-4,2,1,4,-3,Perception,,,,,,,,,,14,None,5,"1,800",3,,,2,Melee,8,10,,,18,Slashing,Melee,8,5,,,14,Piercing,,,,,,,,,,,,,,,,,"Atk 1 on hit another creature with 5ft of target take 6 slashing damage, Atk 2 on hit prone",,,,,,,,,,,,,,,,,,,,,
Giant Badger,2024 Monster Manual,Medium,Beast,Unaligned,Forest,Forest,,None,13,15,0,30,10,,,,,1,-4,0,1,3,-3,1,-4,0,1,3,-3,Perception,,,Poison,,,,60,,,13,None,1/4,50,2,,,1,Melee,3,5,,,6,Piercing,,,,,,,,,,,,,,,,,,,,,,,,,,,,,,,,,,,,,,,,,,,,,
Giant Bat,2024 Monster Manual,Large,Beast,Unaligned,"Forest, Mountain, Underdark","Forest, Mountain, Underdark",,None,12,22,3,10,,,60,,,2,-4,3,1,0,-2,2,-4,3,1,0,-2,,,,,,,120,,,,11,None,1/4,50,2,,,1,Melee,5,5,,,6,Piercing,,,,,,,,,,,,,,,,,,,,,,,,,,,,,,,,,,,,,,,,,,,,,
Giant Boar,2024 Monster Manual,Large,Beast,Unaligned,"Forest, Grassland, Hill","Forest, Grassland, Hill",,None,13,42,0,40,,,,,,3,-4,0,-2,3,-3,5,-4,0,-2,3,-3,,,,,,,,,,,8,None,2,450,2,Bloodied Furry,,1,Melee,5,5,,,10,Piercing,,,,,,,,,,,,,,,,,,,,,,,,Does more damage on a charge and makes prone,,,,,,,,,,,,,,,,,,,,,
Giant Centipede,2024 Monster Manual,Small,Beast,Unaligned,"Underdark, Urban","Underdark, Urban",,None,14,9,2,30,,30,,,,-3,-5,2,-2,1,-4,-3,-5,2,-2,1,-4,,,,,,,30,,,,8,None,1/4,50,2,,,1,Melee,4,5,,,4,Piercing,,,,,,,,,,,,,,,,,,,,,,,,Gives the poisoned condition,,,,,,,,,,,,,,,,,,,,,
Giant Constrictor Snake,2024 Monster Manual,Huge,Beast,Unaligned,"Desert, Forest, Swamp, Underwater","Desert, Forest, Swamp, Underwater",,None,12,60,2,30,,,,,30,4,-5,2,0,1,-4,4,-5,2,0,1,-4,Perception,,,,,,10,,,,12,None,2,450,2,,,2,Melee,6,10,,,11,Piercing,,,,,,,,,,,,,,,,,,,,,,14,Dexterity,Dex save 13 damage and gives grappled condition,,,,,,,,,,,,,,,,,,,,,
Giant Corrupted Rat, Stranger Things: Welcome to the Hellfire Club,Small,Monstrosity,Unaligned,None,None,,None,13,18,3,30,,30,,,,-2,-4,3,0,1,-3,-2,-4,3,0,1,-3,"Perception, Stealth",,,,,,,60,,,12,None,1/2,100,2,Death Brust,,1,Melee,5,5,,,11,"Piercing, Acid",,,,,,,,,,,,,,,,,,,,,,11,Constitution,,,,,,,,,,,,,,,,,,,,,,
Giant Crab,2024 Monster Manual,Medium,Beast,Unaligned,"Coastal, Underwater","Coastal, Underwater",,None,15,13,1,30,,,,,30,1,-5,1,-1,0,-4,1,-5,1,-1,0,-4,Stealth,,,,,,30,,,,9,None,1/8,25,2,Amphibious,,1,Melee,3,5,,,4,Bludgeoning,,,,,,,,,,,,,,,,,,,,,,,,,,,,,,,,,,,,,,,,,,,,,
Giant Crocodile,2024 Monster Manual,Huge,Beast,Unaligned,"Coastal, Swamp","Coastal, Swamp",,None,14,85,-1,30,,,,,50,5,-4,-1,0,3,-2,5,-4,-1,0,3,-2,,Stealth,,,,,,,,,10,None,5,"1,800",3,Hold Breath,,2,Melee,8,5,,,21,Piercing,Melee,8,10,,,18,Bludgeoning,,,,,,,,,,,,,,,,,Target is grappled and restrained,,,,,,,,,,,,,,,,,,,,,
Giant Eagle,2024 Monster Manual,Large,Celestial,Neutral,"Coastal, Grassland, Hill, Mountain","Coastal, Grassland, Hill, Mountain",,None,13,26,3,10,,,80,,,3,-1,3,2,1,0,3,-1,3,2,1,0,,Perception,,"Necrotic, Radiant",,,,,,,16,"Celestial, Understands Common, Primordial (Auran)",1,200,2,,,2,Melee,5,5,,,8,"Slashing, Radiant",,,,,,,,,,,,,,,,,,,,,,,,,,,,,,,,,,,,,,,,,,,,,
Giant Elk,2024 Monster Manual,Huge,Celestial,Neutral Good,"Forest, Grassland, Hill","Forest, Grassland, Hill",,None,14,42,6,60,,,,,,4,-2,4,2,2,0,4,-2,6,2,2,0,Perception,,,"Necrotic, Radiant",,,,90,,,14,"Celestial, Understands Common, Primordial (Auran)",2,450,2,,,1,Melee,6,10,,,16,"Bludgeoning, Radiant",,,,,,,,,,,,,,,,,,,,,,,,Akt 1 charge Akt +5 bludgeoning and prone,,,,,,,,,,,,,,,,,,,,,
Giant Fire Beetle,2024 Monster Manual,Small,Beast,Unaligned,Underdark,Underdark,,None,13,4,0,30,,30,,,,-1,-5,0,-2,1,-4,-1,-5,0,-2,1,-4,,,,Fire,,,30,,,,8,None,0,10,2,Illumination,,1,Melee,1,5,,,1,Fire,,,,,,,,,,,,,,,,,,,,,,,,,,,,,,,,,,,,,,,,,,,,,
Giant Frog,2024 Monster Manual,Medium,Beast,Unaligned,"Forest, Swamp","Forest, Swamp",,None,11,18,1,30,,,,,30,1,-4,1,0,0,-4,1,-4,1,0,0,-4,Perception,,,,,,,30,,,12,None,1/4,50,2,,,1,Melee,3,5,,,5,Piercing,,,,,,,,,,,,,,,,,,,,,,,,"Grapples on Akt.1, Can swallow a target and they become blinded and restrained and gives 5 acid damage.",,,,,,,,,,,,,,,,,,,,,
Giant Goat,2024 Monster Manual,Large,Beast,Unaligned,"Grassland, Hill, Mountain","Grassland, Hill, Mountain",,None,11,19,1,40,,30,,,,3,-4,1,1,1,-2,5,-4,1,1,1,-2,Perception,,,,,,,60,,,13,None,1/2,100,2,,,1,Melee,5,5,,,6,Bludgeoning,,,,,,,,,,,,,,,,,,,,,,,,"If charging, +5 damage and gives prone condition",,,,,,,,,,,,,,,,,,,,,
Giant Hyena,2024 Monster Manual,Large,Beast,Unaligned,"Desert, Forest, Grassland, Hill","Desert, Forest, Grassland, Hill",,None,12,45,2,50,,,,,,3,-4,2,1,2,-2,3,-4,2,1,2,-2,Perception,,,,,,,60,,,13,None,1,200,2,,,1,Melee,5,5,,,10,Piercing,,,,,,,,,,,,,,,,,,,,,,,,,,,,,,,,,"Rampage, can move up to 1/2 its movement and Akt if target is already bloodied",,,,,,,,,,,,
Giant Lizard,2024 Monster Manual,Large,Beast,Unaligned,"Coastal, Desert, Forest, Swamp, Underdark","Coastal, Desert, Forest, Swamp, Underdark",,None,12,19,1,40,,40,,,,2,-4,1,0,1,-3,2,-4,3,0,1,-3,,,,,,,,60,,,10,None,1/4,50,2,Spider climb,,1,Melee,4,5,,,6,Piercing,,,,,,,,,,,,,,,,,,,,,,,,,,,,,,,,,,,,,,,,,,,,,
Giant Octopus,2024 Monster Manual,Large,Beast,Unaligned,Underwater,Underwater,,None,11,45,1,10,,,,,60,3,-3,1,0,1,-3,3,-3,1,0,1,-3,,"Perception, Stealth",,,,,,60,,,14,None,1,200,2,,,1,Melee,5,10,,,10,Bludgeoning,,,,,,,,,,,,,,,,,,,,,,,,Grapples and restranies,,,,,,,,,,Moves up to half its speed in water and creates a heavily obscured area.,,,,,,,,,,,
Giant Owl,2024 Monster Manual,Large,Celestial,Neutral,"Arctic, Forest, Hill","Arctic, Forest, Hill",,None,12,19,2,5,,,60,,,1,0,2,2,1,0,1,0,2,4,1,0,,"Perception, Stealth",,"Necrotic, Radiant",,,,120,,,16,"Celestial, Understands Common, Primordial (Auran)",1/4,50,2,Flyby,,1,Melee,4,5,,,7,Slashing,,,,,,,,,,,,,,,,,,,,,,,,,Wisdom,,,,"Detect Evil and Good, Detect Magic",,,Clairvoyance,,,,,,,,,,,,,
Giant Rat,2024 Monster Manual,Small,Beast,Unaligned,"Forest, Swamp, Underdark, Urban","Forest, Swamp, Underdark, Urban",,None,13,7,3,30,,30,,,,-2,-4,3,0,0,-3,-2,-4,5,0,0,-3,Perception,,,,,,,60,,,12,None,1/8,25,2,Pack Tactics,,1,Melee,5,5,,,5,Piercing,,,,,,,,,,,,,,,,,,,,,,,,,,,,,,,,,,,,,,,,,,,,,
Giant Scorpion,2024 Monster Manual,Large,Beast,Unaligned,Desert,Desert,,None,15,42,1,40,,,,,,3,-5,1,-1,2,-4,3,-5,1,-1,2,-4,,,,,,,60,,,,9,None,3,700,2,,,3,Melee,5,5,,,6,Bludgeoning,Melee,5,5,,,7,Piercing,,,,,,,,,,,,,,,,,Grabbles on Akt.1,,,,,,,,,,,,,,,,,,,,,
Giant Seahorse,2024 Monster Manual,Large,Beast,Unaligned,Underwater,Underwater,,None,14,16,1,5,,,,,40,2,-4,1,1,0,-3,2,-4,1,1,0,-3,,,,,,,,,,,11,None,1/2,100,2,,,1,Melee,4,5,,,9,Bludgeoning,,,,,,,,,,,,,,,,,,,,,,,,"If charging, 11 damage",,,,,,,,,Moves 1/2 speed underwater without provoking Opportunity Attacks,,,,,,,,,,,,
Giant Shark,2024 Monster Manual,Huge,Beast,Unaligned,Underwater,Underwater,,None,13,92,3,5,,,,,60,6,-5,0,0,5,-3,6,-5,0,0,5,-3,Perception,,,,,,60,,,,13,None,5,"1,800",3,,,2,Melee,9,5,,,22,Piercing,,,,,,,,,,,,,,,,,,,,,,,,Advantage on the Akt if the target is already hurt,,,,,,,,,,,,,,,,,,,,,
Giant Spider,"2024 Monster Manual,  Stranger Things: Welcome to the Hellfire Club",Large,Beast,Unaligned,"Desert, Forest, Swamp, Underdark, Urban","Desert, Forest, Swamp, Underdark, Urban",,None,14,26,3,30,,30,,,,2,-4,3,0,1,-3,2,-4,3,0,1,-3,,"Perception, Stealth",,,,,,60,,,14,None,1,200,2,"Spider Climb, Web Walker",,1,Melee,5,5,,,7,Piercing,,,,,,,,,,,,,,,,,,,,,,13,Dexterity,Dex save restrained Recharges 5-6,,,,,,,,,,,,,,,,,,,,,
Giant Squid,2024 Monster Manual,Huge,Beast,Unaligned,Underwater,Underwater,,None,12,120,2,5,,,,,80,6,-3,2,0,1,-3,9,-3,5,0,1,-3,,Perception,,,,,,120,,,16,None,6,"2,300",3,,,2,Melee,9,5,,,28,Piercing,Melee,9,15,,,19,Bludgeoning,,,,,,,,,,,,,,,,,Grapples on 2 Akt. and pulls 10ft too you.,,,,,,,,,,Moves up to half its speed in water and creates a heavily obscured area.,,,,,,,,,,,
Giant Toad,2024 Monster Manual,Large,Beast,Unaligned,"Coastal, Forest, Swamp, Underdark","Coastal, Forest, Swamp, Underdark",,None,11,39,1,30,,,,,30,2,-4,1,0,1,-4,2,-4,1,0,1,-4,,,,,,,,60,,,10,None,1,200,2,,,1,Melee,4,5,,,10,"Piercing, Poison",,,,,,,,,,,,,,,,,,,,,,,,"Grapples on Akt.1, Can swallow a target and they become blinded and restrained and gives 5 acid damage.",,,,,,,,,,,,,,,,,,,,,
Giant Venomous Snake,2024 Monster Manual,Medium,Beast,Unaligned,"Coastal, Desert, Forest, Grassland, Hill, Swamp","Coastal, Desert, Forest, Grassland, Hill, Swamp",,None,14,11,4,40,,,,,40,0,-4,4,0,1,-4,0,-4,4,0,1,-4,Perception,Acrobatics,,,,,10,,,,12,None,1/4,50,2,,,1,Melee,6,10,,,10,"Piercing, Poison",,,,,,,,,,,,,,,,,,,,,,,,,,,,,,,,,,,,,,,,,,,,,
Giant Vulture,2024 Monster Manual,Large,Monstrosity,Neutral Evil,"Desert, Grassland, Hill","Desert, Grassland, Hill",,None,10,25,0,10,,,60,,,2,-2,0,1,3,-2,2,-2,0,1,3,-2,Perception,,,Necrotic,,,,60,,,13,Understands Common,1,200,2,Pack Tactics,,1,Melee,4,5,,,9,Piercing,,,,,,,,,,,,,,,,,,,,,,,,On hit poisoned,,,,,,,,,,,,,,,,,,,,,
Giant Wasp,2024 Monster Manual,Medium,Beast,Unaligned,"Forest, Grassland, Urban","Forest, Grassland, Urban",,None,13,22,2,10,,,50,,,0,-5,2,0,0,-4,0,-5,2,0,0,-4,,,,,,,,,,,10,None,1/2,100,2,Flyby,,1,Melee,4,5,,,10,"Piercing, Poison",,,,,,,,,,,,,,,,,,,,,,,,,,,,,,,,,,,,,,,,,,,,,
Giant Weasel,2024 Monster Manual,Medium,Beast,Unaligned,"Grassland, Hill","Grassland, Hill",,None,13,9,3,40,,30,,,,0,-3,3,1,0,-3,0,-3,3,1,0,-3,"Acrobatics, Perception, Stealth",,,,,,,60,,,13,None,1/8,25,2,,,1,Melee,5,5,,,5,Piercing,,,,,,,,,,,,,,,,,,,,,,,,,,,,,,,,,,,,,,,,,,,,,
Giant Wolf Spider,2024 Monster Manual,Medium,Beast,Unaligned,"Coastal, Desert, Forest, Grassland, Hill","Coastal, Desert, Forest, Grassland, Hill",,None,13,11,3,40,,40,,,,1,-4,3,1,1,-3,1,-4,3,1,1,-3,Perception,Stealth,,,,,60,10,,,13,None,1/4,50,2,Spider Climb,,1,Melee,5,5,,,10,"Piercing, Poison",,,,,,,,,,,,,,,,,,,,,,,,,,,,,,,,,,,,,,,,,,,,,
Gibbering Mouther,2024 Monster Manual,Medium,Aberration,Chaotic Neutral,Underdark,Underdark,,None,9,52,-1,20,,,,,20,0,-4,-1,0,3,-2,0,-4,-1,0,3,-2,,,,,Prone,,,60,,,10,None,2,450,2,"Aberrant Ground, Gibbering",,1,Melee,2,5,,,7,Piercing,,,,,,,,,,,,,,,,,,,,,,10,"Dexterity, Wisdom","Akt 1 the target is prone and is dead if reduced to 0, In a 10ft sphere 7 radiant damage and the target is blinded",,,,,,,,,,,,,,,,,,,,,
Githyanki Dracomancer,2024 Monster Manual,Medium,Aberration (Gith),Lawful Evil,Planar (Astral Plane),Planar,Astral Plane,Armaments,18,255,8,30,,,30,30,,0,5,3,3,4,4,0,10,8,8,9,4,"Arcanna, Perception",,,,,,30,,,,18,"Common, Draconic, Gith",16,"15,000",5,,,3,Melee,10,10,,,29,"Slashing, Fire",Ranged,10,120,120,,29,"Slashing, Fire",,,,,,,,,,,,,,,18,Dexterity,"Akt 1 gives the frightened condition, Dragon's Breath 90ft coone 54 fire and force damage",Intelligence,18,,10,Mage Hand,Misty Step,"Nondetection (self), Plane Shift, Tongues",,Cast Misty Step,,,,,,,,,,,,
Githyanki Knight,2024 Monster Manual,Medium,Aberration (Gith),Lawful Evil,Planar (Astral Plane),Planar,Astral Plane,Armaments,18,117,5,30,,,,,,3,2,2,2,2,2,3,5,2,5,5,2,,,,,,,,,,,12,"Common, Gith",8,"3,900",3,,,3,Melee,6,5,,,24,"Slashing, Psychic",,,,,,,,,,,,,,,,,,,,,,,,,Intelligence,13,,5,Mage Hand,,"Misty Step, Nondetection (self), Tongues","Plane Shift, Telekinesis",Cast Misty Step,,,,,,,,,,,,
Githyanki Warrior/Soldier,2024 Monster Manual,Medium,Aberration (Gith),Lawful Evil,Planar (Astral Plane),Planar,Astral Plane,Armaments,17,49,4,30,,,,,,2,1,2,1,1,0,2,3,2,3,3,0,,,,,,,,,,,11,"Common, Gith",3,700,2,,,2,Melee,4,5,,,16,"Slashing, Psychic",,,,,,,,,,,,,,,,,,,,,,,,,Intelligence,,,,Mage Hand,,Misty Step,Nondetection (self),Cast Misty Step,,,,,,,,,,,,
Githzerai Monk,2024 Monster Manual,Medium,Aberration (Gith),Lawful Neutral,Planar (Limbo),Planar,Limbo,"Arcana, Individual",14,38,4,40,,,,,,1,1,2,2,1,0,3,3,4,4,1,0,"Insight, Perception",,,,,,,,,,14,"Common, Gith",2,450,2,,,2,Melee,4,5,,,15,"Bludgeoning, Psychic",,,,,,,,,,,,,,,,,,,,,,,,,Wisdom,,,,Mage Hand,,"Feather Fall, Jump, Shield",See Invisibility,Cast Jump,Cast Feather Fall or Shield,,,,,,,,,,,
Githzerai Psion,2024 Monster Manual,Medium,Aberration (Gith),Lawful Neutral,Planar (Limbo),Planar,Limbo,"Arcana, Individual",18,169,8,40,,,40,40,,1,4,4,4,2,2,5,8,8,8,2,2,"Arcanna, Insight, Perception",,,,,,,,,,18,"Common, Gith",12,"8,400",4,,,3,Melee,8,5,,,26,Psychic,Ranged,8,120,120,,26,Psychic,,,,,,,,,,,,,,,,,Target is either charmed or prone after an Akt,Intelligence,16,,8,"Feather Fall, Mage Hand, Shield",,,"Plane Shift, See Invisibility",,,,,,,,,,,,,
Githzerai Zerth,2024 Monster Manual,Medium,Aberration (Gith),Lawful Neutral,Planar (Limbo),Planar,Limbo,"Arcana, Individual",17,84,7,40,,,,,,1,3,4,3,2,1,4,6,7,6,2,1,"Arcanna, Insight, Perception",,,,,,,,,,16,"Common, Gith",6,"2,300",3,,,2,Melee,7,5,,,24,"Bludgeoning, Psychic",,,,,,,,,,,,,,,,,,,,,,,,,Wisdom,14,Wisdom,6,Mage Hand,,"Feather Fall, Jump, Shield","Phantasmal Killer (level 6), Plane Shift, See Invisibility",Cast Jump,Cast Feather Fall or Shield,,,,,,,,,,,
Glabrezu,2024 Monster Manual,Large,Fiend (Demon),Chaotic Evil,Planar (Abyss),Planar,Abyss,Relics,17,189,6,40,,,,,,5,4,2,3,5,3,9,4,2,7,9,7,"Deception, Perception",,,"Cold, Fire, Lightning",Poisoned,Poison,,,120,,17,"Abyssal, Telepathy",9,"5,000",4,"Demonic Restoration, Magic Resistance, Spider Climb",,3,Melee,9,10,,,16,Slashing,,,,,,,,,,,,,,,,,,,,,,17,Dexterity,"Akt 1 grapples on hit, Pummel a target grappled and failed 15 bludgeoning damage",Intelligence,16,Wisdom,8,"Darkness, Detect Magic, Dispel Magic",,,"Confusion, Fly, Power Word Stun",,,,,,,,,,,,,
Gladiator,2024 Monster Manual,Medium or Small,Humanoid,Neutral,Any,Any,,"Armaments, Individual",16,112,5,30,,,,,,4,0,2,1,3,2,7,0,5,4,6,2,Performance,Athletics,,,,,,,,,11,Common,5,"1,800",3,,,3,Melee,7,5,,,11,Piercing,Ranged,7,20/60,20,60,11,Piercing,,,,,,,,,,,,,,,15,Strength,Shield Bash within 5ft on fail 9 bludgeoning damage and prone,,,,,,,,,,Parry hit by  melee +3 to AC,,,,,,,,,,,
Gnoll Demoniac,2024 Monster Manual,Medium,Fiend,Chaotic Evil,"Desert, Forest, Grassland, Hill","Desert, Forest, Grassland, Hill",,"Armaments, Individual",16,135,4,30,,,,,,3,2,1,2,3,3,6,2,5,2,6,6,Perception,,,,,,,60,,,15,"Abyssal, Common, Gnoll",8,"3,900",3,,,2,Melee,6,5,,,20,Poison,Ranged,6,60,60,,20,Poison,,,,,,,,,,,,,,,14,Dexterity,Hunger of Yeenoghu recharges on 5-6 30ft cube of darkness difficult terrain and on fail 28 necrotic damage and someone get 10 temp hp,,,,,,,,,2/day when hitting a bloodied target move 1/2 and attack,,,,,,,,,,,,
Gnoll Fang of Yeenoghu,2024 Monster Manual,Medium,Fiend,Chaotic Evil,"Desert, Forest, Grassland, Hill","Desert, Forest, Grassland, Hill",,"Armaments, Individual",14,71,4,30,,,,,,3,0,2,2,1,1,3,0,2,2,4,3,,,,,,,,60,,,10,"Abyssal, Gnoll",4,"1,100",2,,,3,Melee,5,5,,,13,"Piercing, Poison",Melee,5,10,,,7,Piercing,,,,,,,,,,,,,,,,,,,,,,,,,,2/day when hitting a bloodied target move 1/2 and attack,,,,,,,,,,,,
Gnoll Pack Lord,2024 Monster Manual,Medium,Fiend,Chaotic Evil,"Desert, Forest, Grassland, Hill","Desert, Forest, Grassland, Hill",,"Armaments, Individual",15,49,4,30,,,,,,3,-1,2,0,1,-1,3,-1,2,0,1,-1,,,,,,,,60,,,10,Gnoll,2,450,2,,,3,Melee,5,10,,,8,Slashing,Ranged,5,30/120,30,120,7,Piercing,,,,,,,,,,,,,,,,,Incite Rampage recharges on 5-6 has a gnoll rampage as a bonus action,,,,,,,,,2/day when hitting a bloodied target move 1/2 and attack,,,,,,,,,,,,
Gnoll Warrior,"2024 Monster Manual,  Stranger Things: Welcome to the Hellfire Club",Medium,Fiend,Chaotic Evil,"Desert, Grassland, Hill","Desert, Grassland, Hill",,"Armaments, Individual",15,27,1,30,,,,,,2,-2,1,0,0,-2,2,-2,1,0,0,-2,,,,,,,,60,,,10,Gnoll,1/2,100,2,,,1,Melee,4,5,,,5,Piercing,Ranged,3,150/600,150,600,6,Piercing,,,,,,,,,,,,,,,,,,,,,,,,,,1/day when hitting a bloodied target move 1/2 and attack,,,,,,,,,,,,
Goat,2024 Monster Manual,Medium,Beast,Unaligned,"Grassland, Hill, Mountain, Urban","Grassland, Hill, Mountain, Urban",,None,10,4,0,40,,30,,,,0,-4,0,0,0,-3,2,-4,0,0,0,-3,Perception,,,,,,,60,,,12,None,0,10,2,,,1,Melee,2,5,,,1,Bludgeoning,,,,,,,,,,,,,,,,,,,,,,,,"If charging, 2 damage",,,,,,,,,,,,,,,,,,,,,
Goblin Boss,2024 Monster Manual,Small,Fey (Goblinoid),Chaotic Neutral,"Forest, Grassland, Hill,  Planar (Acheron, Feywild), Underdark","Forest, Grassland, Hill,  Planar, Underdark","Acheron, Feywild","Implements, Individual",17,21,2,30,,,,,,0,0,2,-1,0,0,0,0,2,-1,0,0,,Stealth,,,,,,60,,,9,"Common, Goblin",1,200,2,,,2,Melee,4,5,,,5,Slashing,Ranged,4,80/320,80,320,5,Piercing,,,,,,,,,,,,,,,,,Akt 1 and Akt 2 does +2 damage if they have advantage,,,,,,,,,Disengage or Hide,Switches places with an ally when attacked,,,,,,,,,,,
Goblin Hexer,2024 Monster Manual,Small,Fey (Goblinoid),Chaotic Neutral,"Forest, Grassland, Hill,  Planar (Acheron, Feywild), Underdark","Forest, Grassland, Hill,  Planar, Underdark","Acheron, Feywild","Implements, Individual",13,45,3,30,,,,,,-1,3,3,0,1,0,-1,3,3,0,1,0,Sleight of Hand,Stealth,,,,,,60,,,10,"Common, Goblin",3,700,2,,,2,Melee,5,5,,,12,Psychic,Ranged,5,60,60,,12,Psychic,,,,,,,,,,,,,,,13,Wisdom,Can spell cast as part of the Akt,,,Dexterity,,Minor Illusion,,,"Blindness/Deafness, Faerie Fire, Grease",,on fail save target misses it,,,,,,,,,,,
Goblin Minion,2024 Monster Manual,Small,Fey (Goblinoid),Chaotic Neutral,"Forest, Grassland, Hill,  Planar (Acheron, Feywild), Underdark","Forest, Grassland, Hill,  Planar, Underdark","Acheron, Feywild","Implements, Individual",12,7,2,30,,,,,,-1,0,2,-1,0,-1,-1,0,2,-1,0,-1,,Stealth,,,,,,60,,,9,"Common, Goblin",1/8,25,2,,,1,Melee,4,5,,,4,Piercing,Ranged,4,20/60,20,60,4,Piercing,,,,,,,,,,,,,,,,,,,,,,,,,,Disengage or Hide,,,,,,,,,,,,
Goblin Warrior,"2024 Monster Manual,  Stranger Things: Welcome to the Hellfire Club",Small,Fey (Goblinoid),Chaotic Neutral,"Forest, Grassland, Hill,  Planar (Acheron, Feywild), Underdark","Forest, Grassland, Hill,  Planar, Underdark","Acheron, Feywild","Implements, Individual",15,10,2,30,,,,,,-1,0,2,-1,0,-1,-1,0,2,-1,0,-1,,Stealth,,,,,,60,,,9,"Common, Goblin",1/4,50,2,,,1,Melee,4,5,,,5,Slashing,Ranged,4,80/320,80,320,5,Piercing,,,,,,,,,,,,,,,,,Akt 1 and Akt 2 does +2 damage if they have advantage,,,,,,,,,Disengage or Hide,,,,,,,,,,,,
Gold Dragon Wyrmling,2024 Monster Manual,Medium,Dragon (Metallic),Lawful Good,Grassland,Grassland,,Arcana,17,60,4,30,,,60,,30,4,2,2,0,3,3,4,2,4,2,3,3,Stealth,Perception,,,,Fire,10,60,,,14,Draconic,3,700,2,Amphibious,,2,Melee,6,5,,,9,Slashing,,,,,,,,,,,,,,,,,,,,,,13,"Dexterity, Strength","Fire Breath recharge on 5-6 15ft coone 22 fire damage, Waking Breath 15ft coone disadvantage on strength-based rolls and -2 on damage rolls",,,,,,,,,,,,,,,,,,,,,
Gorgon,2024 Monster Manual,Large,Construct,Unaligned,"Forest, Grassland, Hill","Forest, Grassland, Hill",,Any,19,114,0,40,,,,,,5,-4,0,1,4,-2,5,-4,0,1,4,-2,,Perception,,,"Exhaustion, Petrified",,,60,,,17,None,5,"1,800",3,,,1,Melee,8,5,,,18,Piercing,,,,,,,,,,,,,,,,,,,,,,16,"Constitution, Dexterity","Akt 1 charge attack if move atleast 20ft prone, Petrifying Breath recharges on 5-6 30ft cone on fail restrained second fail petrified",,,,,,,,,Trample within 5ft and prone 16 bludgeoning damage,,,,,,,,,,,,
Goristro,2024 Monster Manual,Huge,Fiend (Demon),Chaotic Evil,Planar (Abyss),Planar,Abyss,Armaments,19,310,6,50,,,,,,7,-2,0,1,7,2,13,-2,6,7,13,2,"Perception, Survival",,,"Cold, Fire, Lightning",Poisoned,Poison,,120,,,17,Abyssal,19,"18,000",6,"Demonic Restoration, Magic Resistance, Siege Monster",,3,Melee,13,10,,,40,Piercing,Melee,13,10,,,29,Bludgeoning,,,,,,,,,,,,,,,,,Akt 1 on hit target is pushed 20ft and is prone,,,,,,,,,Move 1/2 its speed,,,,,,,,,,,,
Graveyard Revenant,2024 Monster Manual,Huge,Undead,Neutral,"Forest, Swamp, Urban","Forest, Swamp, Urban",,Any,14,161,2,40,,,,,,5,1,2,3,5,4,8,1,2,6,8,7,,,,"Necrotic, Psychic","Charmed, Exhaustion, Frightened, Paralyzed, Petrified, Poisoned, Stunned, Unconscious",Poison,,120,,,13,Common plus two other languages,7,"2,900",3,Undead Restoration,,2,Melee,8,10,,,20,"Bludgeoning, Necrotic",,,,,,,,,,,,,,,,,,,,,,15,Wisdom,"Suffocate on hit grappled and suffocating, Recharges on 5-6 within 30ft on fail paralyzed",,,,,,,,,,,,,,,,,,,,,
Gray Ooze,2024 Monster Manual,Medium,Ooze,Unaligned,Underdark,Underdark,,None,9,22,-2,10,,10,,,,1,-5,-2,-2,3,-4,1,-5,-2,-2,3,-4,,Stealth,,"Acid, Cold, Fire","Blinded, Charmed, Deafened, Exhaustion, Frightened, Grappled, Prone, Restrained",,60,,,,8,None,1/2,100,2,"Amorphous, Corrosive Form",,1,Melee,3,5,,,10,Acid,,,,,,,,,,,,,,,,,,,,,,,,Atk 1 on hit nonmagical armour -1 AC if reduced to 10 AC armour is destroyed,,,,,,,,,,,,,,,,,,,,,
Gray Slaad,2024 Monster Manual,Medium,Aberration (Slaad),Chaotic Neutral,Planar (Limbo),Planar,Limbo,Any,18,150,7,40,,,,,,4,1,3,-1,3,4,4,1,3,-1,3,4,Arcanna,Perception,,"Acid, Cold, Fire, Lightning, Thunder",,,60,60,,,17,"Common, Slaad, Telepathy",9,"5,000",4,"Magic Resistance, Regeneration",,2,Melee,8,10,,,20,"Slashing, Necrotic",,,,,,,,,,,,,,,,,,,,,,,,After Akt 1 the target is either charmed frightened poisoned or incapacitated,Charisma,16,"Constitution, Wisdom",8,"Detect Magic, Detect Thoughts, Invincibility (self), Mage Hand, Major Image",,,"Cloudkill, Fly, Planeshift (self), Tongues",Shape-Shift,,,,,,,,,,,,
Green Dragon Wyrmling,2024 Monster Manual,Medium,Dragon (Chromatic),Lawful Evil,Forest,Forest,,Arcana,17,38,3,30,,,60,,30,2,2,1,0,1,1,2,2,3,2,1,1,Stealth,Perception,,,Poisoned,Poison,10,60,,,14,Draconic,2,450,2,Amphibious,,2,Melee,4,5,,,10,"Slashing, Poison",,,,,,,,,,,,,,,,,,,,,,11,Constitution,poison Breath recharge 5-6 15ft coone 21 poison damage,,,,,,,,,,,,,,,,,,,,,
Green Hag,2024 Monster Manual,Medium,Fey (Hag),Neutral Evil,"Forest, Hill, Swamp","Forest, Hill, Swamp",,Arcana,17,82,1,30,,,,,30,4,1,1,2,3,2,4,1,1,2,3,2,"Deception, Perception, Stealth",Arcana,,,,,,60,,,14,"Common, Elvish, Sylvan",3,700,2,"Amphibious, Coven Magic, Mimicry",,2,Melee,6,5,,,11,"Slashing, Poison",,,,,,,,,,,,,,,,,,,,,,,,,Wisdom,12,Wisdom,4,"Dancing Lights, Disguise Self (24 hours), Invisibility (self), Minor Illusion, Ray of Sickness (level 3)",,,,,,,,,,,,,,,,
Green Slaad,2024 Monster Manual,Large,Aberration (Slaad),Chaotic Neutral,Planar (Limbo),Planar,Limbo,Any,16,144,5,30,,,,,,3,0,2,-1,3,4,3,0,2,-1,3,4,"Arcanna, Perception",,,"Acid, Cold, Fire, Lightning, Thunder",,,30,60,,,12,"Common, Slaad, Telepathy",8,"3,900",3,"Magic Resistance, Regeneration",,3,Melee,7,10,,,8,Force,Ranged,7,60,60,,8,Force,,,,,,,,,,,,,,,,,After Akt 1 or 2 the target is either charmed frightened poisoned or incapacitated,Charisma,14,"Dexterity, Wisdom",6,"Detect Magic, Detect Thoughts, Mage Hand",,,"Fireball, Invisibility (self)",Shape-Shift,,,,,,,,,,,,
Grell,2024 Monster Manual,Medium,Aberration,Neutral Evil,Underdark,Underdark,,None,12,55,6,10,,,30,30,,2,1,2,0,1,-1,2,1,2,0,1,-1,,"Perception, Stealth",,,"Blinded, Prone",,60,,,,14,Deep Speech,3,700,2,,,2,Melee,4,5,,,11,Piercing,Melee,4,10,,,7,Piercing,,,,,,,,,,,,,,,11,Constitution,Akt 2 grapples and on failed save target is poisoned and paralyzed,,,,,,,,,,,,,,,,,,,,,
Grick,2024 Monster Manual,Medium,Aberration,Unaligned,"Forest, Underdark","Forest, Underdark",,Any,14,54,2,30,,30,,,,2,-4,2,2,0,-3,2,-4,2,2,0,-3,Stealth,,,,,,,60,,,12,None,2,450,2,,,2,Melee,4,5,,,9,Piercing,Melee,4,5,,,7,Slashing,,,,,,,,,,,,,,,,,Akt 2 grapples,,,,,,,,,,,,,,,,,,,,,
Grick Ancient,2024 Monster Manual,Large,Aberration,Unaligned,"Forest, Underdark","Forest, Underdark",,Any,18,135,3,30,,30,,,,4,-3,3,2,2,-1,4,-3,3,2,2,-1,Stealth,,,,,,,60,,,12,None,7,"2,900",3,,,3,Melee,7,10,,,22,Piercing,Melee,7,10,,,7,Bludgeoning,Melee,7,10,,,15,Slashing,,,,,,,,,,"Akt 2 makes prone, Akt 3 grapples",,,,,,,,,,,,,,,,,,,,,
Griffon,2024 Monster Manual,Large,Monstrosity,Unaligned,"Arctic, Coastal, Grassland, Hill, Mountain","Arctic, Coastal, Grassland, Hill, Mountain",,None,12,59,2,30,,,80,,,4,-4,2,1,3,-1,4,-4,2,1,3,-1,,Perception,,,,,,60,,,15,None,2,450,2,,,2,Melee,6,5,,,8,Piercing,,,,,,,,,,,,,,,,,,,,,,,,On hit grappled,,,,,,,,,,,,,,,,,,,,,
Grimlock,2024 Monster Manual,Medium,Aberration,Neutral Evil,Underdark,Underdark,,Any,11,11,1,30,,30,,,,3,-1,1,-1,1,-2,3,-1,1,-1,1,-2,Athletics,"Perception, Stealth",,,,,30,,,,13,None,1/4,50,2,,,1,Melee,5,5,,,8,"Bludgeoning, Psychic",,,,,,,,,,,,,,,,,,,,,,,,,,,,,,,,,,,,,,,,,,,,,
Guard,"2024 Monster Manual,  Stranger Things: Welcome to the Hellfire Club",Medium or Small,Humanoid,Neutral,Any,Any,,"Armaments, Individual",16,11,1,30,,,,,,1,0,1,0,1,0,1,0,1,0,1,0,Perception,,,,,,,,,,12,Common,1/8,25,2,,,1,Melee,3,5,,,4,Piercing,Ranged,3,20/60,20,60,4,Piercing,,,,,,,,,,,,,,,,,,,,,,,,,,,,,,,,,,,,,,
Guard Captain,2024 Monster Manual,Medium or Small,Humanoid,Neutral,Any,Any,,"Armaments, Individual",16,75,4,30,,,,,,4,1,2,2,3,1,4,1,2,2,3,1,"Athletics, Perception",,,,,,,,,,14,Common,4,"1,100",2,,,2,Melee,6,5,,,14,Piercing,Ranged,6,30/120,30,120,14,Piercing,Melee,6,5,,,15,Slashing,,,,,,,,,,,,,,,,,,,,,,,,,,,,,,,
Guardian Naga,2024 Monster Manual,Large,Celestial,Lawful Good,"Desert, Forest, Planar (Upper Planes)","Desert, Forest, Planar",Upper Planes,Relics,18,136,4,40,,40,,,40,4,3,4,4,3,4,4,7,8,8,7,8,,"Arcana, History, Religion",,,"Charmed, Paralyzed, Poisoned, Restrained",Poison,,60,,,14,"Celestial, Common",10,"5,900",4,Celestial Restoration,,2,Melee,8,10,,,39,"Piercing, Poison",,,,,,,,,,,,,,,,,,,,,,16,Constitution,Within 60ft on fale 31 poison damage and blinded,Wisdom,16,"Dexterity, Wisdom",8,Thaumaturgy,,,"Clairvoyance, Cure Wounds (level 6), Flame Strike (level 6), Geas, True Seeing",,,,,,,,,,,,,
Gulthias Blight,2024 Monster Manual,Gargantuan,Plant,Neutral,Forest,Forest,,None,20,264,5,50,,,,,,7,0,0,4,6,1,7,0,0,4,6,1,Perception,,,"Fire, Necrotic",Deafened,,120,,,,19,"Common, Druidic",16,"15,000",5,Blight Seeds,,3,Melee,12,10,,,25,Bludgeoning,Ranged,12,60/180,60,180,20,Piercing,,,,,,,,,,,,,,,20,Constitution,Life-Drain within 30ft on fail 14 necrotic damage grappled restrained 14 damage every round max hp decreases by 14 and the blight gains 14,,,,,,,,,,,,,,,,,,,,,
Half-Dragon,2024 Monster Manual,Medium,Dragon,Neutral,Any,Any,,Armaments,18,105,5,40,,,,,,4,0,2,2,3,2,4,0,5,5,3,2,"Athletics, Perception, Stealth",,,Based on Type,,,10,60,,,15,"Common, Draconic",5,"1,800",3,Draconic Origin,,2,Melee,7,10,,,13,"Slashing, Based on type",,,,,,,,,,,,,,,,,,,,,,14,Dexterity,Breath Akt 30ft coone 28 damage based on type,,,,,,,,,Leap 30ft using 10ft of movement,,,,,,,,,,,,
Harpy,2024 Monster Manual,Medium,Monstrosity,Chaotic Evil,"Coastal, Forest, Hill, Mountain","Coastal, Forest, Hill, Mountain",,Any,11,38,1,20,,,40,,,1,-2,1,0,1,1,1,-2,1,0,1,1,,,,,,,,,,,10,Common,1,200,2,,,1,Melee,3,5,,,6,Slashing,,,,,,,,,,,,,,,,,,,,,,11,Wisdom,Luring Song within 300ft on fail charmed and incapacitated moves toward the harpy,,,,,,,,,,,,,,,,,,,,,
Harvester Devil, Astarion's Book of Hungers,Medium,Fiend (Devil),Lawful Evil,Planar (Nine Hells),Planar,Nine Hells,Implements,14,65,3,30,,,,,,1,2,3,1,2,4,1,2,3,3,4,4,"Perception, Stealth",Persuasion,,Cold,"Charmed, Poisoned","Fire, Poison",,120,,,13,"Common, Infernal, Telepathy",3,700,2,"Diabolic Ward, Diabolic Restoration, Magic Resistance",,2,Melee,5,5,,,13,"Slashing, Fire",Ranged,5,120,120,,13,Psychic,,,,,,,,,,,,,,,14,Charisma,"Atk 2 on hit no opportunity atk, Compelling Spell a creature within 30ft on fail charmed and stunned",,,,,,,,,,,,,,,,,,,,,
Haunting Revenant,2024 Monster Manual,Gargantuan,Undead,Neutral,"Forest, Swamp, Urban","Forest, Swamp, Urban",,Any,20,203,5,30,,,,,,5,3,1,4,4,5,5,3,1,8,8,5,,,,"Necrotic, Psychic","Charmed, Exhaustion, Frightened, Grappled, Paralyzed, Petrified, Poisoned, Restrained, Unconscious",Poison,,,60,,14,Common plus two other languages,10,"5,900",4,,,,,,,,,,,,,,,,,,,,,,,,,,,,,,,,,,,,,,,,,,,,,,,,,,,,,,,
Hawk,2024 Monster Manual,Tiny,Beast,Unaligned,"Arctic, Coastal, Forest, Grassland, Hill, Mountain","Arctic, Coastal, Forest, Grassland, Hill, Mountain",,None,13,1,3,10,,,60,,,-3,-4,3,2,-1,-2,-3,-4,3,2,-1,-2,,Perception,,,,,,,,,16,None,0,10,2,,,1,Melee,5,5,,,1,Slashing,,,,,,,,,,,,,,,,,,,,,,,,,,,,,,,,,,,,,,,,,,,,,
Hell Hound,"2024 Monster Manual,  Stranger Things: Welcome to the Hellfire Club",Medium,Fiend,Lawful Evil,"Mountain, Planar (Lower Planes), Underdark","Mountain, Planar, Underdark",Lower Planes,None,15,58,1,50,,,,,,3,-2,1,1,2,-2,3,-2,1,1,2,-2,,Perception,,,,,,60,,,15,Understands Infernal,3,700,2,Pack Tactics,,2,Melee,5,5,,,10,"Piercing, Fire",,,,,,,,,,,,,,,,,,,,,,12,Dexterity,Fire Breath recharges on 5-6 15ft coone on fail 17 fire damage,,,,,,,,,,,,,,,,,,,,,
Helmed Horror,2024 Monster Manual,Medium,Construct,Neutral,Any,Any,,Armaments,20,67,3,30,,,30,30,,4,0,1,0,3,0,4,0,1,0,3,0,,Perception,,,"Blinded, Charmed, Deafened, Exhaustion, Frightened, Paralyzed, Petrified, Poisoned, Stunned","Necrotic, Poison",60,,,,14,"Understands Common, Another language",4,"1,100",2,"Magic Resistance, Spell Immunity",,2,Melee,6,5,,,13,"Slashing, Force",,,,,,,,,,,,,,,,,,,,,,,,,,,,,,,,,,,,,,,,,,,,,
Hezrou,2024 Monster Manual,Large,Fiend (Demon),Chaotic Evil,Planar (Abyss),Planar,Abyss,Any,18,157,6,30,,,,,,4,-3,3,1,5,1,7,-3,3,4,8,1,,,,"Cold, Fire, Lightning",Poisoned,Poison,,120,,,11,"Abyssal, Telepathy",8,"3,900",3,"Demonic Restoration, Magic Resistance, Stench",,3,Melee,7,5,,,15,"Slashing, Poison",,,,,,,,,,,,,,,,,,,,,,16,Constitution,,,,,,,,,,Jump 30ft only using 10ft,,,,,,,,,,,,
Hill Giant,2024 Monster Manual,Huge,Giant,Chaotic Evil,Hill,Hill,,Armaments,13,105,2,40,,,,,,5,-3,-1,-1,4,-2,5,-3,-1,-1,4,-2,Perception,,,,,,,,,,12,Giant,5,"1,800",3,,,2,Melee,8,10,,,18,Bludgeoning,Ranged,8,60/240,60,240,16,Bludgeoning,,,,,,,,,,,,,,,,,"Atk 1 on hit prone, Atk 2 on hit poisoned",,,,,,,,,,,,,,,,,,,,,
Hippogriff,2024 Monster Manual,Large,Monstrosity,Unaligned,"Grassland, Hill, Mountain","Grassland, Hill, Mountain",,None,11,26,1,40,,,60,,,3,-4,1,1,1,-1,3,-4,1,1,1,-1,,Perception,,,,,,,,,15,None,1,200,2,Flyby,,2,Melee,5,5,,,7,Slashing,,,,,,,,,,,,,,,,,,,,,,,,,,,,,,,,,,,,,,,,,,,,,
Hippopotamus,2024 Monster Manual,Large,Beast,Unaligned,"Forest, Grassland, Swamp","Forest, Grassland, Swamp",,None,14,82,-2,30,,,,,30,5,-4,-2,1,2,-3,7,-4,-2,1,2,-3,Perception,,,,,,,,,,13,None,4,"1,100",2,Hold Breath,,2,Melee,7,5,,,16,Piercing,,,,,,,,,,,,,,,,,,,,,,,,,,,,,,,,,,,,,,,,,,,,,
Hobgoblin Captain,2024 Monster Manual,Medium,Fey (Goblinoid),Lawful Evil,"Desert, Forest, Grassland, Hill, Mountain, Planar (Acheron), Underdark","Desert, Forest, Grassland, Hill, Mountain, Planar, Underdark",Acheron,"Armaments, Individual",17,58,4,30,,,,,,2,1,2,0,2,1,2,1,2,0,2,1,,,,,,,,60,,,10,"Common, Goblin",3,700,2,Aura of Authority,,2,Melee,4,5,,,12,"Slashing, Poison",Ranged,4,150/600,150,600,11,"Piercing, Poison",,,,,,,,,,,,,,,,,,,,,,,,,,,,,,,,,,,,,,
Hobgoblin Warlord,2024 Monster Manual,Medium,Fey (Goblinoid),Lawful Evil,"Desert, Forest, Grassland, Hill, Mountain, Planar (Acheron), Underdark","Desert, Forest, Grassland, Hill, Mountain, Planar, Underdark",Acheron,"Armaments, Individual",20,112,5,30,,,,,,3,2,2,0,3,2,3,5,5,3,3,5,,,,,,,,60,,,10,"Common, Goblin",6,"2,300",3,Aura of Authority,,3,Melee,6,5,,,11,Piercing,Ranged,6,30/120,30,120,11,Piercing,Melee,6,5,,,12,Slashing,,,,,,,,,,Akt 1 and Akt 2 reduces speed by 10ft,,,,,,,,,,Parry hit by melee +3 AC,,,,,,,,,,,
Hobgoblin Warrior,2024 Monster Manual,Medium,Fey (Goblinoid),Lawful Evil,"Desert, Forest, Grassland, Hill, Mountain, Planar (Acheron), Underdark","Desert, Forest, Grassland, Hill, Mountain, Planar, Underdark",Acheron,"Armaments, Individual",18,11,3,30,,,,,,1,0,1,0,1,-1,1,0,1,0,1,-1,,,,,,,,60,,,10,"Common, Goblin",1/2,100,2,Pack Tactics,,1,Melee,3,5,,,12,Slashing,Ranged,3,150/600,150,600,12,"Piercing, Poison",,,,,,,,,,,,,,,,,,,,,,,,,,,,,,,,,,,,,,
Homunculus,2024 Monster Manual,Tiny,Construct,Neutral,Any,Any,,None,13,4,2,20,,,40,,,-3,0,2,0,2,-2,-3,0,2,2,2,0,,,,,"Charmed, Poisoned",Poison,,60,,,10,"Understands Common, Another language",0,10,2,Telepathic Bond,,1,Melee,4,5,,,1,Piercing,,,,,,,,,,,,,,,,,,,,,,12,"Constitution, Dexterity",Akt 1 on hit and fail poisoned fail by 5 or more and unconscious,,,,,,,,,,,,,,,,,,,,,
Homunculus Servant,Eberrron: Forge of the Artificer,Tiny,Construct,Neutral,None,None,,None,13,5+5*the level,Same as caster,20,,,30,,,-3,0,2,0,1,-2,-3,0,2,0,1,-2,,,,,"Exhaustion, Poisoned",Poison,,60,,,10,Telepathy,None,0,Same as spellcaster,"Evasion, Magic bond add the spell's level to checks and saves",,1,Melee,Casters attack mod.,5,,,3,Force,Ranged,Casters attack mod.,30,30,,3,Force,,,,,,,,,,,,,,,,,,,,,,,,,,,Channel Magic deliver a touch spell through it,,,,,,,,,,,
Hook Horror,2024 Monster Manual,Large,Monstrosity,Neutral,Underdark,Underdark,,None,15,75,0,30,,30,,,,4,-2,0,1,2,-2,4,-2,0,1,4,-2,,Perception,,,,,60,120,,,15,Hook Horror,3,700,2,,,2,Melee,6,10,,,11,Piercing,,,,,,,,,,,,,,,,,,,,,,,,,,,,,,,,,,,,,,,,,,,,,
Horned Devil,2024 Monster Manual,Large,Fiend (Devil),Lawful Evil,Planar (Nine Hells),Planar,Nine Hells,Relics,18,199,7,30,,,60,,,6,1,3,3,5,4,10,1,7,7,5,8,,,,Cold,Poisoned,"Fire, Poison",,150,,,13,"Infernal, Telepathy",11,"7,200",4,"Diabolical Restoration, Magic Resistance",,3,Melee,10,10,,,24,"Piercing, Fire",Ranged,8,150,150,,26,Fire damage,,,,,,,,,,,,,,,17,Dexterity,Within 10ft on fail 10 necrotic damage 10 damage every round,,,,,,,,,,,,,,,,,,,,,
Hunter Shark,2024 Monster Manual,Large,Beast,Unaligned,Underwater,Underwater,,None,12,45,2,5,,,,,40,4,-5,2,0,2,-3,4,-5,2,0,2,-3,Perception,,,,,,60,,,,12,None,2,450,2,Water Breathing,,1,Melee,6,5,,,14,Piercing,,,,,,,,,,,,,,,,,,,,,,,,Akt. has adv. if the target is already hurt,,,,,,,,,,,,,,,,,,,,,
Hydra,2024 Monster Manual,Huge,Monstrosity,Unaligned,"Coastal, Swamp","Coastal, Swamp",,Any,15,184,4,40,,,,,40,5,-4,1,0,5,-2,5,-4,1,0,5,-2,,Perception,,,"Blinded, Charmed, Deafened, Frightened, Stunned, Unconscious",,,60,,,16,None,8,"3,900",3,"Hold Breath, Multiple Heads, Creative Heads",,1,Melee,8,10,,,10,Piercing,,,,,,,,,,,,,,,,,,,,,,,,Atk 1 it gets another attack for every head,,,,,,,,,,,,,,,,,,,,,
Hyena,2024 Monster Manual,Medium,Beast,Unaligned,"Desert, Forest, Grassland, Hill","Desert, Forest, Grassland, Hill",,None,11,5,1,50,,,,,,0,-4,1,1,1,-3,0,-4,1,1,1,-3,Perception,,,,,,,60,,,13,None,0,10,2,Pack Tactics,,1,Melee,2,5,,,3,Piercing,,,,,,,,,,,,,,,,,,,,,,,,,,,,,,,,,,,,,,,,,,,,,
Ice Devil,2024 Monster Manual,Large,Fiend (Devil),Lawful Evil,Planar (Nine Hells),Planar,Nine Hells,Arcana,18,228,7,40,,,,,,5,4,2,2,4,4,5,4,7,7,9,9,"Insight, Perception, Persuasion",,,,Poisoned,"Cold, Fire, Poison",120,,,,17,"Infernal, Telepathy",14,"11,500",5,"Diabolical Restoration, Magic Resistance",,3,Melee,10,5,,,24,"Piercing, Cold",Ranged,10,30/120,30,120,24,"Piercing, Cold",Melee,10,10,,,33,"Bludgeoning, Cold",,,,,,,,17,Dexterity,"Akt 1 and Akt 2 on hit target can't take a bonus action or reaction speed -10 and only move or take an action, Ice Wall recharge on 6 cast Wall of Ice",,,,,,,,,,,,,,,,,,,,,
Ice Mephit,2024 Monster Manual,Small,Elemental,Neutral Evil,"Arctic, Planar (Elemental Planes)","Arctic, Planar",Elemental Planes,None,11,21,1,30,,,30,,,-2,-1,1,0,0,1,-2,-1,1,0,0,1,"Perception, Stealth",,Fire,,"Exhaustion, Poisoned","Cold, Poison",,60,,,12,"Primordial (Aquan, Auran)",1/2,100,2,Death Burst,,1,Melee,3,5,,,5,"Slashing, Cold",,,,,,,,,,,,,,,,,,,,,,10,Constitution,"Frost Breath recharges on 6 15ft cone on fail 7 cold damage, Fod Cloud 1/day fod cloud",,,,,,,,,,,,,,,,,,,,,
Imp,2024 Monster Manual,Tiny,Fiend (Devil),Lawful Evil,Any,Any,,None,13,21,3,20,,,40,,,-2,0,3,1,1,2,-2,0,3,1,1,2,"Deception, Insight, Stealth",,,Cold,Poisoned,"Fire, Poison",,120,,,11,"Common, Infernal",1,200,2,"Devil's Sight, Magic Resistance",,1,Melee,5,5,,,13,"Piercing,Poison",,,,,,,,,,,,,,,,,,,,,,,,"Can go invisible, Can shapeshift into a rat raven or spider",,,,,,,,,,,,,,,,,,,,,
Imp Trickster, Stranger Things: Welcome to the Hellfire Club,Tiny,Fiend (Devil),Lawful Evil,None,None,,None,13,21,3,20,,,40,,,-2,0,3,1,1,2,-2,0,3,1,1,2,"Deception, Insight, Stealth",,,Cold,Poisoned,"Fire, Poison",,120,,,11,"Common, Infernal",1,200,2,"Devil's Sight, Magic Resistance",,1,Melee,5,5,,,13,"Piercing,Poison",,,,,,,,,,,,,,,,,,,,,,,,"Can go invisible, Can shapeshift into a rat raven or spider",,,,,,,,,,,,,,,,,,,,,
Incarnation of Transience,Lorwyn: First Light,Huge,Fey,Neutral,Planar (Feywild),Planar,Feywild,None,16,142,8,40,,,,,40,5,0,5,2,3,3,5,0,8,2,6,3,,,,,"Grappled, Paralyzed, Petrified, Prone, Restrained",,,60,,,12,"Sylvan, Telepathy",7,"2,900",3,"Ephemeral Movement, Magic Resistance",,3,Melee,8,5,,,14,Piercing,Ranged,8,60/120,60,120,15,Acid,,,,,,,,,,,,,,,16,Dexterity,"Atk 2 on hit speed reduced by 10 ft, Spectral Stampede moves 80ft in a straight line each creature on fail save take 18 force damage on if creatureis a size smalerl is prone half if saved",,,,,,,,,Shape-shift,,,,,,,,,,,,
Incarnation of Vibrance,Lorwyn: First Light,Huge,Fey,Neutral,Planar (Feywild),Planar,Feywild,None,14,230,7,40,,,,,,5,0,3,3,5,5,5,0,3,3,9,9,,,,Radiant,"Blinded, Charmed, Deafened, Frightened",,,60,,,13,"Sylvan, Telepathy",10,"5,900",4,Magic Resistance,,3,Melee,9,20,,,18,Bludgeoning,,,,,,,,,,,,,,,,,,,,,,17,Constitution,"Radiant Blast creature within 20ft on fail save takes 14 radaint half on save,",Charisma,17,Constitution,9,"Daylight, Druidcraft, Plant Growth",,,Blindness/Deafness,"Shape-shift, Teleport",,,,,,,,,,,,
Incubus,2024 Monster Manual,Medium,Fiend,Neutral Evil,"Planar (Lower Planes), Urban","Planar, Urban",Lower Planes,Any,15,66,3,30,,,60,,,-1,2,3,1,1,5,-1,2,3,1,1,5,,"Deception, Insight, Perception, Persuasion, Stealth",,"Cold, Fire, Poison, Psychic",,,,60,,,15,"Abyssal, Common, Infernal, Telepathy",4,"1,100",2,Succubus Form,,2,Melee,7,5,,,15,Psychic,,,,,,,,,,,,,,,,,,,,,,15,Wisdom,Akt 1 On hit the target is cursed and can't get the benefits of a short rest,Charisma,15,Wisdom,7,"Disguise Self, Etherealness",,,"Dream, Hypnotic Pattern",Nightmare reaches on 6 within 60ft on fail if the target has less than 21 hp they are unconscious it not 18 Psychic damage,,,,,,,,,,,,
Intellect Devourer,2024 Monster Manual,Tiny,Aberration,Lawful Evil,Underdark,Underdark,,None,12,28,2,40,,,,,,-2,2,2,0,1,0,-2,2,2,0,1,0,"Perception, Stealth",,,Psychic,,,60,,,,12,"Understands Deep Speech, Telepathy",2,450,2,Detect Intelligence,,2,Melee,4,5,,,7,Slashing,,,,,,,,,,,,,,,,,,,,,,12,Intelligence,"Devour Intellect 11 psychic damage and stunned, Steal Body target with 10 or fewer hp and incapacitated gets taken over",,,,,,,,,,,,,,,,,,,,,
Invisible Stalker,2024 Monster Manual,Large,Elemental,Neutral,Urban,Urban,,None,14,97,7,50,,,50,50,,3,0,4,2,2,0,3,0,4,2,2,0,,"Perception, Stealth",,"Bludgeoning, Piercing, Slashing","Exhaustion, Grappled, Paralyzed, Petrified, Poisoned, Prone, Restrained, Unconscious",Poison,,60,,,18,"Common, Primordial (Auran)",6,"2,300",3,"Air Form, Invisibility",,3,Melee,7,5,,,11,Force,,,,,,,,,,,,,,,,,,,,,,14,Constitution,Vortex on fail 7 thunder damage grappled cannot cast spells with verbal component and take 7 thunder damage every round,,,,,,,,,,,,,,,,,,,,,
Iron Golem,2024 Monster Manual,Large,Construct,Unaligned,Any,Any,,Any,20,252,9,30,,,,,,7,-4,-1,0,5,-5,7,-4,-1,0,5,-5,,,,,"Charmed, Exhaustion, Frightened, Paralyzed, Petrified, Poisoned","Fire, Poison, Psychic",,120,,,10,"Understands Common, Two other language",16,"15,000",5,"Fire Absorption, Immutable Form, Magic Resistance",,3,Melee,12,10,,,30,"Slashing, Fire",Ranged,10,120,120,,36,Fire,,,,,,,,,,,,,,,18,"Constitution, Dexterity",Poison Breath recharges on 6 on 60ft cone on fail 55 poison,,,,,,,,,,,,,,,,,,,,,
Jackal,2024 Monster Manual,Small,Beast,Unaligned,"Desert, Grassland","Desert, Grassland",,None,12,3,2,40,,,,,,-1,-4,2,1,0,-2,-1,-4,2,1,0,-2,Stealth,Perception,,,,,,90,,,15,None,0,10,2,,,1,Melee,1,5,,,1,Piercing,,,,,,,,,,,,,,,,,,,,,,,,,,,,,,,,,,,,,,,,,,,,,
Jackalwere,2024 Monster Manual,Small,Fiend,Chaotic Evil,"Desert, Grassland","Desert, Grassland",,Implements,12,18,2,40,,,,,,0,1,2,0,1,0,0,1,2,0,1,0,Stealth,"Deception, Perception",,,,,,90,,,14,Common,1/2,100,2,Pack Tactics,,2,Melee,4,5,,,5,Piercing,Melee,4,5,,,4,Bludgeoning,,,,,,,,,,,,,,,10,Wisdom,Sleep Gaze recharges 5-6 within 30ft on fail is unconscious,,,,,,,,,Shape-shift,,,,,,,,,,,,
Jorasco Medic,Eberrron: Forge of the Artificer,Small,Humanoid (Halfling),Neutral,None (NPC),None,NPC,None,16,58,4,30,,,,,,1,2,2,3,3,2,1,2,2,5,5,2,"Insight, Medicine, Perception, Stealth",,,,,,,,,,15,"Common, Halfing",4,"1,100",2,Lucky,,2,Melee,5,5,,,7,Radiant,Ranged,5,30,30,,7,Radiant,,,,,,,,,,,,,,,,,,Wisdom,13,,5,,,"Cure Wounds, Lesser Restoration",,,,,,,,,,,,,,
Juvenile Shadow Dragon,2024 Monster Manual,Medium,Dragon,Chaotic Evil,"Planar (Shadowfell), Underdark","Planar, Underdark",Shadowfell,Any,15,45,4,30,,30,60,,,3,1,2,0,3,2,3,1,4,0,3,2,,"Perception, Stealth",,,,Neurotic,10,60,,,14,"Common, Draconic",4,"1,100",2,"Living Shadow, Sunlight Sensitivity",,2,Melee,5,10,,,10,"Slashing, Necrotic",,,,,,,,,,,,,,,,,,,,,,13,Dexterity,Shadow Breath recharges 5-6 30ft coone 17 Necrotic if reduces a humanoid to 0 a shadow rises from its corpse,,,,,,,,,Take the hide action in dim light or darkness,,,,,,,,,,,,
Karas Chembryl, Forgotten Realms: Adventures in Faerûn,Medium,Humanoid (Human),Neutral Evil,None (NPC),None,NPC,None (NPC),17,104,11,30,,30,,,,0,4,5,2,1,3,0,7,8,5,4,3,"Acrobatics, Perception",Stealth,,"Poison, Psychic",,,10,,,,18,"Common, Elvish, Infernal, Thieves' Cant",8,"3,900",3,Evasion,3,2,Melee,8,5,,,14,"Piercing, Necrotic",Ranged,8,5,5,,14,"Piercing, Necrotic",Melee,8,5,,,8,Slashing,,,,,,,,,,On hit of atk 3 frightened and takes extra 10 phy damage if remains frightened,Intelligence,15,"Constitution, Wisdom",7,"Friends, Silence, Thaumaturgy",,Ray of Sickness(Level 5),"Blight, Mislead",Withdraw: move up to 1/2 speed without provoking opportunity attacks and can hide,,3,Wisdom,15,"Harrow: within 90ft and on fail 10 psychic damage and fightened and speed 0, Stealth Attack: extra attack",Yes,"5,000",4,4,,,
Kenku,2024 Monster Manual,Medium,Monstrosity,Neutral,"Forest, Planar (Shadowfell), Urban","Forest, Planar, Urban",Shadowfell,"Implements, Individual",13,13,3,30,,,,,,0,0,3,0,0,0,0,0,3,0,0,0,"Perception, Stealth",Deception,,,,,,60,,,12,"Common, Primordial (Auran)",1/4,50,2,Mimicry,,1,Melee,5,5,,,6,Necrotic,Ranged,5,60,60,,6,Necrotic,,,,,,,,,,,,,,,10,Dexterity,,,,,,,,,,Eldritch Lantern recharges on 4-6 cast Faerie Fire,,,,,,,,,,,,
Killer Whale,2024 Monster Manual,Huge,Beast,Unaligned,Underwater,Underwater,,None,12,90,2,5,,,,,60,4,-4,2,1,1,-2,4,-4,2,1,1,-2,"Perception, Stealth",,,,,,120,,,,13,None,3,700,2,Hold Breath,,1,Melee,6,5,,,21,Piercing,,,,,,,,,,,,,,,,,,,,,,,,,,,,,,,,,,,,,,,,,,,,,
Knight,2024 Monster Manual,Medium or Small,Humanoid,Neutral,Any,Any,,"Armaments, Individual",18,52,0,30,,,,,,3,0,0,0,2,2,3,0,0,2,4,2,,,,,Frightened,,,,,,10,Common one other language,3,700,2,,,2,Melee,5,5,,,14,"Slashing,Radiant",Ranged,5,5,5,,14,"Piercing, Radiant",,,,,,,,,,,,,,,,,,,,,,,,,,,Parry hit by  melee +2 to AC,,,,,,,,,,,
Kobold Warrior,2024 Monster Manual,Small,Dragon,Neutral,"Arctic, Coastal, Desert, Forest, Hill, Mountain, Swamp, Underdark, Urban","Arctic, Coastal, Desert, Forest, Hill, Mountain, Swamp, Underdark, Urban",,Armaments,14,7,2,30,,,,,,-2,-1,2,-2,-1,-1,-2,-1,2,-2,-1,-1,,,,,,,,60,,,8,"Common, Draconic",1/8,25,2,"Pack Tactics, Sunlight Sensitivity",,1,Melee,4,5,,,4,Piercing,Ranged,4,20/60,20,60,4,Piercing,,,,,,,,,,,,,,,,,,,,,,,,,,,,,,,,,,,,,,
Korex, Stranger Things: Welcome to the Hellfire Club,Medium,Humanoid (Elf),Chaotic Evil,None,None,,None,13,52,3,40,,,,,,1,-1,3,1,2,2,1,-1,3,1,2,2,"Perception, Performance, Stealth",,,,Poisoned,Poison,,120,,,13,"Common, Elvish",2,450,2,Sewer Speech,,1,Melee,5,5,,,15,"Piercing,Poison",,,,,,,,,,,,,,,,,,,,,,12,Wisdom,"Atk 1 on hit poisoned, Entrancing Pipes one creature on fail 14 psychic damage and charmed",,,,,,,,,Skitter takes the dash or disengage,,,,,,,,,,,,
Kraken,2024 Monster Manual,Gargantuan,Monstrosity (Titan),Chaotic Evil,Underwater,Underwater,,Any,18,481,14,30,,,,,120,10,6,0,4,8,5,17,6,7,11,15,5,,,,,"Frightened, Grappled, Paralyzed, Restrained","Cold, Lightning",,,120,,21,"Understands Abyssal, Celestial, Infernal, Primordial, Telepathy",23,"50,000",7,"Amphibious, Siege Monster",4,3,Melee,17,30,,,24,,,,,,,,,,,,,,,,,,,,,,,25,Dexterity,"Fling throws grappled target 60ft on fail the thrown target and each creature in the throne space 18 bludgeoning, Lightning Strike within 120ft on fail 33 lightning damage, Swallow a grappled target on fail 23 piercing damage not grappled but restrained  total cover and 24 Acid damage on every round",,,,,,,,,,,3,23,Constitution,"Storm Bolt: lightning strike, Toxic Ink: within 15ft on fail blinded and poisoned and move up to half its speed",Yes,"62,000",5,4,,,"Ocean Tyrant every creature in 1 mile is charmed, Sea and Storm cast Control Weather"
Kundarak Warden,Eberrron: Forge of the Artificer,Medium,Humanoid (Dwarf),Neutral,None (NPC),None,NPC,None,14,82,1,30,,,,,,2,3,1,1,3,0,2,3,1,1,6,0,,,,,,,,120,,,11,"Common, Dwarvish",5,"1,800",3,Magic Resistance,,2,Melee,6,10,,,13,Force,,,,,,,,,,,,,,,,,,,,,,14,Strength,"Atk 1 on hit target is prone and if already prone deals an extra 7 force, Shackling Glyph on fail target is grappled and restrained",Intelligence,14,,6,"Alarm, Arcance Lock, Mage Armor",Counterspell or shield,,Dispel Magic,,Protective Magic cast counterspell or shield,,,,,,,,,,,
Kuo-toa,2024 Monster Manual,Medium,Aberration,Neutral Evil,"Coastal, Underdark","Coastal, Underdark",,Relics,13,18,0,30,,,,,30,1,0,0,0,0,-1,1,0,0,0,0,-1,,Perception,,,,,,120,30,,14,Undercommon,1/4,50,2,"Amphibious, Sunlight Sensitivity",,1,Melee,3,5,,,5,Piercing,Ranged,3,20/60,20,60,5,Piercing,,,,,,,,,,,,,,,10,"Dexterity, Strength",Sticky Net 15ft range restrained on fail saved,,,,,,,,,,Grappled Condition on missed Akt and failed save DC 11,,,,,,,,,,,
Kuo-toa Archpriest,2024 Monster Manual,Medium,Aberration,Neutral Evil,"Coastal, Underdark","Coastal, Underdark",,Relics,13,105,2,30,,,,,30,3,1,2,3,3,2,3,1,2,3,3,2,Religion,Perception,,,,,,120,30,,19,Undercommon,6,"2,300",3,"Amphibious, Sunlight Sensitivity",,3,Melee,6,5,,,20,Lighting,Ranged,6,120,120,,20,Lightning,,,,,,,,,,,,,,,,,,Wisdom,14,"Constitution, Wisdom",6,"Detect Magic, Thaumaturgy",,Shield of Faith,"Destructive Wave, Divination, Hold Monster (level 6), Scrying, Tongues",Cast Shield of Faith,,,,,,,,,,,,
Kuo-toa Monitor,2024 Monster Manual,Medium,Aberration,Neutral Evil,"Coastal, Underdark","Coastal, Underdark",,Relics,13,65,0,30,,,,,30,3,1,0,2,2,0,0,1,0,2,2,0,Religion,Perception,,,,,,120,30,,16,Undercommon,3,700,2,"Amphibious, Sunlight Sensitivity",,2,Melee,5,10,,,13,"Slashing, Lighting",,,,,,,,,,,,,,,,,,,,,,,,Akt 1 on a hit the target can't make opportunity attacks,,,,,,,,,,,,,,,,,,,,,
Kuo-toa Whip,2024 Monster Manual,Medium,Aberration,Neutral Evil,"Coastal, Underdark","Coastal, Underdark",,Relics,11,45,0,30,,,,,30,2,1,0,2,2,0,2,1,0,2,2,0,Religion,Perception,,,,,,120,30,,16,Undercommon,1,200,2,"Amphibious, Sunlight Sensitivity",,1,Melee,4,10,,,9,Piercing,Ranged,4,60,60,,9,Acid,,,,,,,,,,,,,,,,,Akt 1 on a hit target is grappled,Wisdom,,,,,,Shield of Faith,,Cast Shield of Faith,,,,,,,,,,,,
Lacedon Ghoul,2024 Monster Manual,Medium,Undead,Chaotic Evil,"Swamp, Underdark, Urban","Swamp, Underdark, Urban",,Any,12,22,2,30,,,,,30,1,-2,2,0,0,-2,1,-2,2,0,0,-2,,,,Cold,"Charmed, Exhaustion, Poisoned",Poison,,60,,,10,Common,1,200,2,,,2,Melee,4,5,,,9,Cold,Melee,4,5,,,4,Slashing,,,,,,,,,,,,,,,10,Constitution,"Akt 1 on hit speed decrease by 5, Akt 2 on hit and fail and paralyzed",,,,,,,,,Watery Rush while underwater move 1/2 without opportunity,,,,,,,,,,,,
Lamia,2024 Monster Manual,Large,Fiend,Chaotic Evil,Desert,Desert,,Arcana,13,97,1,40,,,,,,3,2,1,2,2,3,3,2,1,2,2,3,Insight,"Deception, Stealth",,,,,,60,,,12,"Abyssal, Common",4,"1,100",2,,,2,Melee,5,5,,,14,"Slashing, Psychic",,,,,,,,,,,,,,,,,,,,,,13,Wisdom,Within 5ft on fail 13 psychic damage and cursed charmed and poisoned,Charisma,13,Wisdom,5,"Disguise Self, Minor Illusion",,,"Geas, Major Image, Scrying",Jump 30ft spending 10ft movement,,,,,,,,,,,,
Larva,2024 Monster Manual,Medium,Fiend,Neutral Evil,Planar (Lower Planes),Planar,Lower Planes,None,9,9,-2,20,,,,,,-1,-2,-1,0,0,-4,-1,-2,-1,0,0,-4,,,,,,,,60,,,10,"Understands Common, Another language",0,10,2,,,1,Melee,1,5,,,1,Necrotic,,,,,,,,,,,,,,,,,,,,,,,,,,,,,,,,,,,,,,,,,,,,,
Lemure,2024 Monster Manual,Medium,Fiend (Devil),Lawful Evil,Planar (Nine Hells),Planar,Nine Hells,None,9,9,-3,20,,,,,,0,-5,-3,0,0,-4,0,-5,-3,0,0,-4,,,,Cold,"Charmed, Frightened, Poisoned","Fire, Poison",,120,,,10,Understands Infernal,0,10,2,Hellish Restoration,,1,Melee,2,5,,,2,Poison,,,,,,,,,,,,,,,,,,,,,,,,,,,,,,,,,,,,,,,,,,,,,
Lich,2024 Monster Manual,Medium,Undead (Wizard),Neutral Evil,Any,Any,,Arcana,20,315,17,30,,,,,,0,5,3,2,9,3,3,12,10,9,10,3,"History, Insight, Perception",Arcana,,"Cold, Lightning","Charmed, Exhaustion, Frightened, Paralyzed, Poisoned","Necrotic, Poison",,,120,,19,All,21,"33,000",7,Spirit Jar,4,3,Melee,12,5,,,31,Force,Ranged,12,120,120,,31,Force,Mele,12,5,,,15,Cold,,,,,,,,,,Akt 2 on hit paralyzed,Intelligence,20,"Constitution, Dexterity, Wisdom",12,"Counterspell, Detect Magic, Detect Thoughts, Dispel Magic, Fear, Fireball(level 5), Invisibility, Lightning Bolt(level 5), Mage Hand, Prestidigitation, Shield",,"Animate Dead, Dimension Door, Plane Shift","Chain Lightning, Finger of Death, Power Word Kill, Scrying",,Protective Magic cast counterspell or shield,3,20,Constitution,"Deathly Teleport: teleport 60ft within 10ft 11 Necrotic damage, Disrupt Life: within 20ft on fail 21 Necrotic, Frightening Gaze: cast fear",Yes,"41,000",5,4,,,Cast Clairvoyance
Lion,2024 Monster Manual,Large,Beast,Unaligned,"Desert, Grassland, Hill, Mountain","Desert, Grassland, Hill, Mountain",,None,12,22,2,50,,,,,,3,-4,2,1,0,-1,3,-4,2,1,0,-1,"Perception, Stealth",,,,,,,60,,,13,None,1,200,2,"Pact Tactics, Running Leap",,2,Melee,5,5,,,7,Slashing,,,,,,,,,,,,,,,,,,,,,,11,Wisdom,Wis. save to cause fear,,,,,,,,,,,,,,,,,,,,,
Lizard,2024 Monster Manual,Tiny,Beast,Unaligned,"Coastal, Desert, Forest, Swamp, Underdark","Coastal, Desert, Forest, Swamp, Underdark",,None,10,2,0,20,,20,,,,-4,-5,0,-1,0,-4,-4,-5,0,-1,0,-4,,,,,,,,30,,,9,None,0,10,2,Spider Climb,,1,Melee,2,5,,,1,Piercing,,,,,,,,,,,,,,,,,,,,,,,,,,,,,,,,,,,,,,,,,,,,,
Lizardfolk Geomancer,2024 Monster Manual,Medium,Elemental,Neutral,"Forest, Swamp","Forest, Swamp",,Individual,13,33,0,30,20,,,,30,2,0,0,2,1,-1,2,0,0,2,1,-1,"Nature, Perception",Stealth,,,,,,,,,14,"Draconic, Primordial (Terran)",2,450,2,,,2,Melee,4,5,,,9,Bludgeoning,Ranged,4,60,60,,9,Bludgeoning,,,,,,,,,,,,,,,12,Constitution,Hail of Stone recharges on 5-6 within 20ft radius and 40ft high cylinder on fail 15 bludgeoning and prone,Wisdom,12,,4,Elementalism,,,"Meld into Stone, Speak with Plants, Spike Growth",,,,,,,,,,,,,
Lizardfolk Sovereign,2024 Monster Manual,Medium,Elemental,Neutral,Swamp,Swamp,,Individual,15,78,1,30,20,,,,30,3,0,1,0,2,2,3,0,1,2,4,2,,"Perception, Stealth",,,Frightened,,,60,,,14,"Draconic, Primordial (Terran)",4,"1,100",2,,,2,Melee,5,5,,,8,Piercing,Melee,5,5,,,10,Bludgeoning,,,,,,,,,,,,,,,,,"Atk 1 on hit gain temp hp based on damage, Ark 2 on hit prone",,,,,,,,,Charge use the move action,,,,,,,,,,,,
Lorwyn Giant,Lorwyn: First Light,Huge,Giant,Chaotic Neutral,Planar (Feywild),Planar,Feywild,Arcana,13,115,1,40,,,,,,5,-1,1,3,4,-1,5,-1,1,6,7,-1,,,,,,,,,,,13,"Common, Giant",6,"2,300",3,,,2,Melee,8,15,,,21,Slashing,Ranged,8,60/240,60,240,14,Bludgeoning,,,,,,,,,,,,,,,,,,,,,,,,,,Name Sleep gain 20 temp hp falls unconscious and gains adv on saves and checks,,,,,,,,,,,,
Lyrandar Scion,Eberrron: Forge of the Artificer,Medium or Small,Humanoid (Khoravar),Neutral,None (NPC),None,NPC,None,13,60,3,30,,,,,,1,1,3,2,1,4,3,1,5,2,1,4,"Acrobatics, Perception",,,"Lightning, Thunder",,,,60,,,14,"Common, Elvish",4,"1,100",2,,,2,Melee,6,5,,,20,"Lightning, Thunder",Ranged,6,30,30,,20,"Lightning, Thunder",,,,,,,,,,,,,,,,,On a crit the target is also deafened,Charisma,14,"Constitution, Strength",6,"Elementalism, Gust of Wind, Thunderwave",,"Jump, Feather Fall",,Cast the jump spell,Cast feather fall,,,,,,,,,,,
Mage,2024 Monster Manual,Medium or Small,Humanoid (Wizard),Neutral,Any,Any,,"Arcana, Individual",15,81,2,30,,,,,,-1,3,2,1,0,0,-1,3,2,1,0,0,"Arcana, History, Perception",,,,,,,,,,14,Common plus three other languages,6,"2,300",3,,,3,Melee,6,5,,,16,Force,Ranged,6,120,120,,16,Force,,,,,,,,,,,,,,,,,,Intelligence,14,"Constitution, Dexterity",6,"Detect Magic, Light, Mage Armor, Mage Hand, Prestidigitation","Counter Spell, Misty Step, Shield","Fireball (Level 4), Invisibility","Cone of Cold, Fly",Misty Step cast misty step,Protective Magic cast counterspell or shield,,,,,,,,,,,
Mage Apprentice,2024 Monster Manual,Medium or Small,Humanoid (Wizard),Neutral,Any,Any,,"Arcana, Individual",15,49,2,30,,,,,,-1,3,2,1,1,0,-1,5,2,3,1,0,"Arcana, Perception",,,,,,,,,,13,Common plus one other language,2,450,2,,,1,Melee,5,5,,,14,Force,Ranged,5,120,120,,14,Force,,,,,,,,,,,,,,,,,,Intelligence,13,"Constitution, Dexterity",5,"Mage Hand, Prestidigitation",,,"Disguise Self, Ice Knife, Mage Armor, Thunderwave",,,,,,,,,,,,,
Magma Mephit,2024 Monster Manual,Small,Elemental,Neutral Evil,Planar (Elemental Planes),Planar,Elemental Planes,None,11,18,1,30,,,30,,,-1,-2,1,0,1,0,-1,-2,1,0,1,0,Stealth,,Cold,,"Exhaustion, Poisoned","Fire, Poison",,60,,,10,"Primordial (Ignan, Terran)",1/2,100,2,Death Burst,,1,Melee,3,5,,,6,"Slashing, Fire",,,,,,,,,,,,,,,,,,,,,,11,Dexterity,Fire Breath recharges on 6 15ft cone on fail 7 fire damage,,,,,,,,,,,,,,,,,,,,,
Magmin,2024 Monster Manual,Small,Elemental,Chaotic Neutral,Planar (Elemental Plane of Fire),Planar,Elemental Plane of Fire,None,14,13,2,30,,,,,,-2,-1,2,0,1,0,-2,-1,2,0,1,0,,,,,,Fire,,60,,,10,Primordial (Ignan),1/2,100,2,Death Burst,,1,Melee,4,5,,,7,Fire,,,,,,,,,,,,,,,,,,,,,,11,Dexterity,Atk 1 on hit target starts burning,,,,,,,,,Ignited Illumination can make themselves ablaze or not sheds 10ft bright light and 10ft dim light,,,,,,,,,,,,
Mammoth,2024 Monster Manual,Huge,Beast,Unaligned,Arctic,Arctic,,None,13,126,2,50,,,,,,7,-4,-1,0,5,-2,10,-4,-1,0,8,-2,,,,,,,,,,,10,None,6,"2,300",3,,,2,Melee,10,10,,,18,Piercing,,,,,,,,,,,,,,,,,,,,,,,,Akt. gives the prone condition,,,,,,,,,DC 18 dex save prone condition and 29 damage,,,,,,,,,,,,
Manes,2024 Monster Manual,Small,Fiend (Demon),Chaotic Evil,Planar (Abyss),Planar,Abyss,None,9,9,-1,20,,,,,,0,-4,-1,-1,1,-3,0,-4,-1,-1,1,-3,,,,"Cold, Fire, Lightning","Charmed, Frightened, Poisoned",Poison,,60,,,9,Understands Abyssal,1/8,25,2,,,1,Melee,2,5,,,5,Slashing,,,,,,,,,,,,,,,,,,,,,,,,,,,,,,,,,,,,,,,,,,,,,
Manes Vaporspawn,2024 Monster Manual,Medium,Fiend (Demon),Chaotic Evil,Planar (Abyss),Planar,Abyss,None,13,19,1,30,,,,,,2,-3,1,-1,2,-4,2,-3,1,-1,2,-4,,,,"Cold, Fire, Lightning","Charmed, Exhaustion, Frightened, Grappled, Poisoned, Restrained",Poison,,60,,,9,Understands Abyssal,1,200,2,"Contortionist, Sickening Vapors",,1,Melee,4,5,,,10,"Slashing, Necrotic",,,,,,,,,,,,,,,,,,,,,,12,Constitution,,,,,,,,,,Can take the hide action in dim light or darkness,,,,,,,,,,,,
Manshoon, Forgotten Realms: Adventures in Faerûn,Medium,"Humanoid (Human, Wizard)",Lawful Evil,None (NPC),None,NPC,None (NPC),15,214,7,30,,,,,,0,6,2,2,2,3,0,11,2,2,2,3,Insight,"Arcana, History",,Psychic,Charmed,,,60,,,12,"Common, Draconic, Infernal, Undercommon",13,"10,000",5,Magic Resistance,,3,Melee,11,5,,,32,Force,Ranged,11,120,120,,32,Force,,,,,,,,,,,,,,,,,,Intelligence,19,"Dexterity, Constitution, Intelligence, Wisdom",11,"Counterspell, Detect Magic, Detect Thoughts, Light, Lightning Bolt (level 4), Mage Armor, Mage Hand, Misty Step, Prestidigitation, Shield",,"Scrying, Sending, Wall of Force","Befuddlement, Clone, Finger of Death, Mind Blank, Simulacrum",Misty Step,Cast counterspell or shield,,,,,,,,,,,
Manticore,2024 Monster Manual,Large,Monstrosity,Lawful Evil,"Arctic, Coastal, Grassland, Hill, Mountain","Arctic, Coastal, Grassland, Hill, Mountain",,Any,14,68,3,30,,,50,,,3,-2,3,1,3,-1,3,-2,3,1,3,-1,,,,,,,,60,,,11,Common,3,700,2,,,3,Melee,5,5,,,7,Slashing,Ranged,5,100/200,100,200,7,Piercing,,,,,,,,,,,,,,,,,,,,,,,,,,,,,,,,,,,,,,
Marid,2024 Monster Manual,Large,Elemental (Genie),Chaotic Neutral,"Coastal, Planar (Elemental Plane of Water), Underwater","Coastal, Planar, Underwater",Elemental Plane of Water,Relics,17,229,5,30,,,60,,90,6,4,1,3,8,4,6,4,5,3,8,8,,,,"Acid, Cold, Lightning",,,30ft,120,,,13,Primordial (Aquan),11,"7,200",4,"Amphibious, Elemental Restoration, Wishes",,3,Melee,10,15,,,24,"Slashing, Cold",,,,,,,,,,,,,,,,,,,,,,18,Dexterity,Water Jet 60ft long 10ft wide line on fail 31 cold damage pushed 20ft and prone,Charisma,16,,8,"Create or Destroy Water, Detect Evil and Good, Detect Magic, Purify Food and Drink",,,"Control Water, Gaseous Form, Invisibility, Plane Shift, Tongues",Misty Viel recharges on 5-6 cast Fog Cloud,,,,,,,,,,,,
Marilith,2024 Monster Manual,Large,Fiend (Demon),Chaotic Evil,Planar (Abyss),Planar,Abyss,Armaments,16,220,10,40,,40,,,,4,4,5,3,5,5,9,4,5,8,10,10,Perception,,,"Cold, Fire, Lightning",Poisoned,Poison,,,120,,18,"Abyssal, Telepathy",16,"15,000",5,"Demonic Restoration, Magic Resistance, Reactive",,7,Melee,10,5,,,17,"Slashing, Necrotic",,,,,,,,,,,,,,,,,,,,,,17,Strength,Constrict within 5ft on fail 15 bludgeoning and are grappled and restrained,,,,,,,,,Teleport recharges on 5-6 teleport 120ft,When hit with an attack +5 to AC,,,,,,,,,,,
Mastiff,2024 Monster Manual,Medium,Beast,Unaligned,"Forest, Hill, Urban","Forest, Hill, Urban",,None,12,5,2,40,,,,,,1,-4,2,1,1,-2,1,-4,2,3,1,-2,Survival,Perception,,,,,,60,,,15,None,1/8,25,2,,,1,Melee,3,5,,,4,Piercing,,,,,,,,,,,,,,,,,,,,,,,,Target becomes prone,,,,,,,,,,,,,,,,,,,,,
Medani Inquisitive,Eberrron: Forge of the Artificer,Medium or Small,Humanoid (Khoravar),Neutral,None (NPC),None,NPC,None,14,45,0,30,,,,,,2,2,0,3,2,2,2,2,0,5,4,2,"Insight, Investigation",,,,,,,60,,,13,"Common, Elvish",3,700,2,,,3,Melee,4,5,,,6,Bludgeoning,,,,,,,,,,,,,,,,,,,,,,13,Wisdom,"Atk 1 on hit target is prone and if already prone deals an extra 7 radiant, Inquisitive eye within 60ft on fail 10 psychic damage and the monster has adv. on atks on it and knows where it is at.",Wisdom,13,Wisdom,5,Guidance,,,"Detect Thoughts, See Invisibility",,Spontaneous Barrier when an ally is hit it adds 2 to its AC possibly missing,,,,,,,,,,,
Medusa,"2024 Monster Manual,  Stranger Things: Welcome to the Hellfire Club",Medium,Monstrosity,Lawful Evil,Desert,Desert,,Any,15,127,6,30,,,,,,0,1,3,1,3,2,0,1,3,4,3,2,"Deception, Perception, Stealth",,,,,,,150,14,,14,Common plus one other language,6,"2,300",3,,,3,Melee,6,5,,,10,Slashing,Melee,5,5,,,19,"Piercing, Poison",Ranged,5,150,150,,11,Poison,,,,,,,,13,Constitution,,,,,,,,,,Petrifying Gaze recharges 5-6 30ft cone on fail restrained on second fail petrified,,,,,,,,,,,,
Merfolk Skirmisher,2024 Monster Manual,Medium,Elemental,Neutral,"Coastal, Underwater","Coastal, Underwater",,Individual,11,11,1,10,,,,,40,0,0,1,2,1,1,0,0,1,2,1,1,,,,,,,,,,,12,"Common, Primordial (Aquan)",1/8,25,2,Amphibious,,1,Melee,2,5,,,5,"Piercing, Cold",Ranged,2,20/60,20,60,5,"Piercing, Cold",,,,,,,,,,,,,,,,,Atk 1 or Atk 2 on hit speed decreases by 10ft,,,,,,,,,,,,,,,,,,,,,
Merfolk Wavebender,2024 Monster Manual,Medium,Elemental,Neutral,"Coastal, Underwater","Coastal, Underwater",,Individual,14,97,4,10,,,,,40,0,1,4,4,2,2,0,1,7,7,5,5,Perception,,,Cold,,,,,,,17,Primordial (Aquan),6,"2,300",3,Amphibious,,2,Melee,7,5,,,20,Cold,Ranged,7,60,60,,20,Cold,,,,,,,,,,,,,,,15,Strength,Atk 1 or Atk 2 on hit prone,Wisdom,15,,7,"Elementalism, Light",,,"Control Water, Create or Destroy Water",,Watery Rebuke comes within 5ft on fail 14 cold damage and pushed 30ft,,,,,,,,,,,
Merrow,2024 Monster Manual,Large,Monstrosity,Chaotic Evil,"Coastal, Underwater","Coastal, Underwater",,Any,13,45,2,10,,,,,40,4,-1,2,0,2,-1,4,-1,2,0,2,-1,,,,,,,,60,,,10,"Abyssal, Primordial (Aquan)",2,450,2,Amphibious,,2,Melee,6,5,,,6,Piercing,Melee,6,5,,,9,Slashing,Melee,6,5,,,11,Piercing,Ranged,6,5,5,,11,Piercing,,,,,,,,,,,,,,,,,,,,,,,,
Merrow Doublespeaker,Lorwyn: First Light,Medium,Monstrosity,Lawful Evil,Planar (Feywild),Planar,Feywild,Individual,14,67,3,20,,,,,40,4,1,3,1,3,3,4,1,5,1,3,5,"Deception, Stealth",,,,,,,120,,,11,"Common, Primordial (Aquan)",4,"1,100",2,"Amphibious, Mimicry",,3,Melee,6,5,,,14,Piercing,Ranged,6,20/60,20,60,14,Piercing,,,,,,,,,,,,,,,,,,Charisma,13,Wisdom,5,"Command, Mage Hand, Minor Illusion",,,,,,,,,,,,,,,,
Merrow Haranguer,Lorwyn: First Light,Medium,Monstrosity,Lawful Neutral,Planar (Feywild),Planar,Feywild,Individual,14,4,90,5,,,,,40,4,2,4,2,3,4,4,2,7,2,3,7,"Performance, Persuasion",,,,,,,,,,12,"Common, Primordial (Aquan)",5,"1,800",3,Amphibious,,3,Melee,7,5,,,14,Bludgeoning,Ranged,7,150/600,150,600,8,Piercing,,,,,,,,,,,,,,,15,Wisdom,Invective 3 creatures within 60ft on fail 14 psychic and dis adv on next atk roll half on save,,,,,,,,,,,,,,,,,,,,,
Mezzoloth,2024 Monster Manual,Medium,Fiend (Yugoloth),Neutral Evil,Planar (Gehenna),Planar,Gehenna,Armaments,18,75,3,40,,,,,,4,-2,0,2,3,0,4,-2,0,2,3,0,Perception,,,"Cold, Fire, Lightning",Poisoned,"Acid, Poison",60,60,,,15,"Abyssal, Infernal, Telepathy",5,"1,800",5,"Fiendish Restoration, Magic Resistance",,2,Melee,7,5,,,9,Slashing,Melee,7,5,,,18,"Piercing, Force",Ranged,7,20/60,20,60,18,"Piercing, Force",,,,,,,,,,Akt 1 on hit the target is grappled and restrained,Wisdom,13,Constitution,7,,,,"Cloudkill, Darkness, Dispel Magic",Teleport recharges on 5-6 teleport 60ft,,,,,,,,,,,,
Mimic,2024 Monster Manual,Medium,Monstrosity,Neutral,"Underdark, Urban","Underdark, Urban",,Any,12,58,3,20,,,,,,3,-3,1,1,2,-1,3,-3,1,1,2,-1,,Stealth,,,Prone,Acid,,60,,,11,None,2,450,2,Adhesive,,1,Melee,5,5,,,11,"Piercing, Acid",Melee,5,5,,,11,"Bludgeoning, Acid",,,,,,,,,,,,,,,,,"Atk 1 if target grappled advantage and 16 piercing and acid damage, Atk 2 on hit grappled",,,,,,,,,Shape-Shift,,,,,,,,,,,,
Mind Flayer,2024 Monster Manual,Medium,Aberration,Lawful Evil,Underdark,Underdark,,Arcana,15,99,4,30,,,15,15,,0,4,1,3,1,3,0,7,4,6,1,6,"Arcana, Insight, Perception, Stealth",,,Psychic,,,,120,,,16,"Deep Speech, Undercommon, Telepathy",7,"2,900",3,Magic Resistance,,1,Melee,7,5,,,22,Psychic,,,,,,,,,,,,,,,,,,,,,,15,"Constitution, Intelligence","Akt 1 grapples on a hit and gives the stunned condition, Extract Brian A Grappled target caused 55 piercing damage and kills the target at 0 hp, Mind Blast recharge on 5-6 60ft coone 31 psychic damage and the target is stunned",Intelligence,15,Wisdom,7,Detect Thoughts,,,"Dominate Monster, Plane Shift (self)",,,,,,,,,,,,,
Mind Flayer Arcanist,2024 Monster Manual,Medium,Aberration,Lawful Evil,Underdark,Underdark,,Arcana,16,143,6,30,,,30,30,,0,5,2,3,1,3,0,9,6,7,1,7,"Insight, Perception, Stealth",Arcana,,,"Charmed, Frightened",Psychic,,120,,,17,"Deep Speech, Undercommon, Telepathy",11,"7,200",4,Magic Resistance,,3,Melee,9,5,,,27,Psychic,Ranged,9,5,5,,120,Psychic,,,,,,,,,,,,,,,17,Intelligence,"Akt 1 on a hit target can teleport 30ft and if reduced to 0 the target dies, Mind Burst recharge 5-6 40ft emanation 41 psychic and the target is stunned",Intelligence,17,"Dexterity, Wisdom",9,"Detect Magic, Detect Thoughts, Disguise Self, Mage Hand",,Shield,"Clairvoyance, Dimension Door, Fireball (level 5), Lightning Bolt (level 5), Plane Shift (self), Sending",,Cast Shield,,,,,,,,,,,
Minotaur of Baphomet,2024 Monster Manual,Large,Monstrosity,Chaotic Evil,Underdark,Underdark,,Armaments,14,85,0,40,,,,,,4,-2,0,3,3,-1,4,-2,0,3,3,-1,,"Perception, Survival",,,,,,60,,,17,Abyssal,3,700,2,,,1,Melee,6,10,,,20,Slashing,Melee,6,5,,,18,Piercing,,,,,,,,,,,,,,,,,Atk 2 recharges on 5-6 if moved 10+ before attack on hit +10 piercing and prone,,,,,,,,,,,,,,,,,,,,,
Minotaur Skeleton,2024 Monster Manual,Large,Undead,Lawful Evil,"Planar (Shadowfell), Underdark, Urban","Planar, Underdark, Urban",Shadowfell,None,12,45,0,40,,,,,,4,-2,0,-1,2,-3,4,-2,0,-1,2,-3,,,Bludgeoning,,"Exhaustion, Poisoned",Poison,,60,,,9,Understands Abyssal,2,450,2,,,1,Melee,6,5,,,11,Piercing,Melee,6,5,,,15,Bludgeoning,,,,,,,,,,,,,,,,,Akt 1 charge if move at least 20ft 9 extra damage and prone,,,,,,,,,,,,,,,,,,,,,
Modron Duodrone,2024 Monster Manual,Medium,Construct,Lawful Neutral,Planar (Mechanus),Planar,Mechanus,None,15,11,1,30,,,,,,0,-2,1,0,1,-2,0,-2,1,0,1,-2,,,,,Charmed,,,,120,,10,Modron,1/4,50,2,Disintegration,,2,Melee,3,5,,,4,Force,Ranged,3,30,30,,4,Force,,,,,,,,,,,,,,,,,,,,,,,,,,,,,,,,,,,,,,
Modron Monodrone,2024 Monster Manual,Medium,Construct,Lawful Neutral,Planar (Mechanus),Planar,Mechanus,None,15,5,2,30,,,20,,,0,-3,2,0,1,-3,0,-3,2,0,1,-3,,,,,Charmed,,,,120,,10,Modron,1/8,25,2,Disintegration,,1,Melee,4,5,,,6,Force,Ranged,4,120,120,,6,Force,,,,,,,,,,,,,,,,,,,,,,,,,,,,,,,,,,,,,,
Modron Pentadrone,2024 Monster Manual,Large,Construct,Lawful Neutral,Planar (Mechanus),Planar,Mechanus,None,16,32,2,40,,,,,,2,0,2,0,1,1,2,0,2,0,1,1,,Perception,,,Charmed,,,,120,,14,Modron,2,450,2,Disintegration,,5,Melee,4,5,,,5,Force,Ranged,4,120,120,,5,Lightning,,,,,,,,,,,,,,,11,Constitution,Paralysis recharges 5-6 30ft cone on fail paralyzed,,,,,,,,,,,,,,,,,,,,,
Modron Quadrone,2024 Monster Manual,Medium,Construct,Lawful Neutral,Planar (Mechanus),Planar,Mechanus,None,16,22,2,30,,,30,,,1,0,2,0,1,0,1,0,2,0,1,0,Perception,,,,Charmed,,,,120,,12,Modron,1,200,2,Disintegration,,4,Melee,4,5,,,4,Force,Ranged,4,320,320,,4,Force,,,,,,,,,,,,,,,,,,,,,,,,,,,,,,,,,,,,,,
Modron Tridrone,2024 Monster Manual,Medium,Construct,Lawful Neutral,Planar (Mechanus),Planar,Mechanus,None,15,16,1,30,,,,,,1,-1,1,0,1,-1,1,-1,1,0,1,-1,,,,,Charmed,,,,120,,10,Modron,1/2,100,2,Disintegration,,3,Melee,3,5,,,4,Force,Ranged,3,120,120,,4,Force,,,,,,,,,,,,,,,,,,,,,,,,,,,,,,,,,,,,,,
Mud Mephit,2024 Monster Manual,Small,Elemental,Neutral Evil,"Swamp, Planar (Elemental Planes)","Swamp, Planar",Elemental Planes,None,11,13,1,20,,,20,,20,-1,-1,1,0,1,-2,-1,-1,1,0,1,-2,Stealth,,,,"Exhaustion, Poisoned",Poison,,60,,,10,"Primordial (Aquan, Terran)",1/4,50,2,Death Burst,,1,Melee,3,5,,,4,Bludgeoning,,,,,,,,,,,,,,,,,,,,,,11,Dexterity,Mud Breath recharges on 6 within 15ft on fail restrained,,,,,,,,,,,,,,,,,,,,,
Mule,2024 Monster Manual,Medium,Beast,Unaligned,"Desert, Hill, Urban","Desert, Hill, Urban",,None,10,11,0,40,,,,,,2,-4,0,0,1,-3,4,-4,0,0,1,-3,,,,,,,,,,,10,None,1/8,25,2,Beast of Burden,,1,Melee,4,5,,,4,Bludgeoning,,,,,,,,,,,,,,,,,,,,,,,,,,,,,,,,,,,,,,,,,,,,,
Mummy,2024 Monster Manual,Medium or Small,Undead,Lawful Evil,"Desert, Swamp","Desert, Swamp",,Relics,11,58,-1,20,,,,,,3,-2,-1,1,3,1,3,-2,-1,3,3,1,,,Fire,,"Charmed, Exhaustion, Frightened, Paralyzed, Poisoned","Necrotic, Poison",,60,,,11,Common plus two other languages,3,700,2,,,3,Melee,5,5,,,18,"Bludgeoning, Necrotic",,,,,,,,,,,,,,,,,,,,,,11,Wisdom,"Akt 1 on hit cursed can't regain HP even on long rest and HP max reduce by 10 and if reduced to 0 HP it turns to dust, Dreadful Glare within 60ft on fail frightened",,,,,,,,,,,,,,,,,,,,,
Mummy Lord,2024 Monster Manual,Medium or Small,Undead (Cleric),Lawful Evil,"Desert, Swamp","Desert, Swamp",,Relics,17,187,10,30,,,,,,4,0,0,4,3,3,4,5,0,9,3,3,"History, Perception, Religion",,Fire,,"Charmed, Exhaustion, Frightened, Paralyzed, Poisoned","Necrotic, Poison",,,60,,19,Common plus three other languages,15,"13,000",5,"Magic Resistance, Undead Restoration",3,2,Melee,9,5,,,25,"Bludgeoning, Necrotic",Ranged,9,60,60,,25,Necrotic,,,,,,,,,,,,,,,17,Wisdom,"Akt 1 on hit cursed can't regain HP even on long rest and HP max reduce by 10 and if reduced to 0 HP it turns to dust, Dreadful Glare within 60ft on fail paralyzed",Wisdom,17,"Constitution, Wisdom",9,"Dispel Magic, Command (level 2), Thaumaturgy",,,"Animate Dead, Harm, Insect Plague (level 7)",,Whirlwind of Sand when hit +2 to AC teleports 60ft within 5ft Blinded,3,,,"Dream Command: cast command, Glare uses dreadful glare, Make another attack",Yes,"15,000",4,4,15,Constitution,When casting divination on fail the spell does not work
Myconid Adult,"2024 Monster Manual,  Stranger Things: Welcome to the Hellfire Club",Medium,Plant,Lawful Neutral,Underdark,Underdark,,Any,12,16,0,20,,,,,,0,0,0,1,1,-2,0,0,0,1,1,-2,,,,,,,,120,,,11,Telepathy,1/2,100,2,Sun Sickness,,1,Melee,2,5,,,7,"Bludgeoning, Poison",,,,,,,,,,,,,,,,,,,,,,11,Constitution,"Pacifyin Spores 1/day within 10ft on fail stunned, Rapport Spores gives telepathy to creatures within 30ft",,,,,,,,,,,,,,,,,,,,,
Myconid Sovereign,2024 Monster Manual,Large,Plant,Lawful Neutral,Underdark,Underdark,,Any,13,45,0,30,,,,,,1,1,0,2,2,0,1,1,0,2,2,0,,,,,,,,120,,,12,Telepathy,2,450,2,Sun Sickness,,2,Melee,3,5,,,11,"Bludgeoning, Poison",,,,,,,,,,,,,,,,,,,,,,12,Constitution,"Animating Spores 3/day turns corpses into Myconid Spore Servant, Pacifyin Spores within 10ft on fail stunned, Rapport Spores gives telepathy to creatures within 30ft",,,,,,,,,,,,,,,,,,,,,
Myconid Spore Servant,2024 Monster Manual,Medium or Small,Plant,Unaligned,Underdark,Underdark,,Any,13,37,1,20,,,,,,3,-4,1,-2,3,-5,3,-4,1,-2,3,-5,,,,,"Blinded, Charmed, Frightened, Paralyzed, Poisoned",Poison,30,,,,8,Telepathy,1,200,2,,,1,Melee,5,5,,,8,"Bludgeoning, Poison",,,,,,,,,,,,,,,,,,,,,,,,,,,,,,,,,,,,,,,,,,,,,
Myconid Sprout,2024 Monster Manual,Small,Plant,Lawful Neutral,Underdark,Underdark,,Any,10,3,0,10,,,,,,-1,-1,0,0,0,-3,-1,-1,0,0,0,-3,,,,,,,,120,,,10,Telepathy,0,10,2,Sun Sickness,,1,Melee,1,5,,,3,"Bludgeoning, Poison",,,,,,,,,,,,,,,,,,,,,,,,Rapport Spores gives telepathy to creatures within 30ft,,,,,,,,,,,,,,,,,,,,,
Nalfeshnee,2024 Monster Manual,Large,Fiend (Demon),Chaotic Evil,Planar (Abyss),Planar,Abyss,Relics,18,184,5,20,,,30,,,5,4,0,1,6,2,5,9,0,6,11,7,,,,"Cold, Fire, Lightning","Frightened, Poisoned",Poison,,,120,,11,"Abyssal, Telepathy",13,"10,000",5,"Demonic Restoration, Magic Resistance",,3,Melee,10,10,,,27,"Slashing, Force",,,,,,,,,,,,,,,,,,,,,,15,Wisdom,Teleport 120ft,,,,,,,,,Horror Nimbus recharges on 5-6 within 15ft 28 psychic damage and the target is frightened,Teleport within 10ft of a target,,,,,,,,,,,
Needle Blight,2024 Monster Manual,Medium,Plant,Neutral,Forest,Forest,,None,12,16,1,30,,,,,,1,-3,1,-1,1,-4,1,-3,1,-1,1,-4,,,,,Deafened,,60,,,,9,Understands Common,1/4,50,2,,,1,Melee,3,5,,,6,Slashing,Ranged,3,30/60,30,60,6,Piercing,,,,,,,,,,,,,,,,,,,,,,,,,,,,,,,,,,,,,,
Night Hag,2024 Monster Manual,Medium,Fey (Hag),Neutral Evil,Planar (Lower Planes),Planar,Lower Planes,Arcana,17,112,5,30,,,,,,4,3,2,2,3,3,4,3,2,2,3,3,"Deception, Insight, Perception, Stealth",,,"Cold, Fire",Charmed,,,120,,,15,"Abyssal, Common, Infernal, Primordial",5,"1,800",3,"Coven Magic, Magic Resistance, Soul Bag",,2,Melee,7,5,,,13,Slashing,,,,,,,,,,,,,,,,,,,,,,,,Nightmare Haunting cast dream,Intelligence,14,Wisdom,6,"Detect Magic, Etherealness, Magic Missile (Level 4)",,"Phantasmal Killer, Plane Shift (self)",,Shape-Shift,,,,,,,,,,,,
Nightmare,2024 Monster Manual,Large,Fiend,Neutral Evil,Planar (Lower Planes),Planar,Lower Planes,None,13,68,2,60,,,90,90,,4,0,2,1,3,2,4,0,2,1,3,2,,,,,,Fire,,,,,11,"Understands Abyssal, Common, Infernal",3,700,2,"Confer Fire Resistance, Illumination",,1,Melee,6,5,,,23,"Bludgeoning, Fire",,,,,,,,,,,,,,,,,,,,,,,,Ethereal Stride teleport itself and 3 others to the ethereal plane,,,,,,,,,,,,,,,,,,,,,
Nimblewright Steed, Forgotten Realms: Adventures in Faerûn,Large,Construct,Neutral,Urban,Urban,,None,16,47,6,60,,,,,,3,-2,4,0,4,-2,3,-2,6,0,4,-2,,,,,"Charmed, Exhaustion, Paralyzed, Petrified, Poisoned","Poison, Psychic",,60,,,10,"Understands Common, Another language",2,450,2,Evasion,,1,Melee,6,5,,,7,Bludgeoning,,,,,,,,,,,,,,,,,,,,,,,,If moved 20ft deal 4 more damage and knock prone,,,,,,,,,Nimble Movement: take the disengage action,,,,,,,,,,,,
Nimblewrights, Forgotten Realms: Adventures in Faerûn,Medium,Construct,Neutral,Urban,Urban,,None,16,67,6,60,,,,,,1,-1,4,1,3,-2,1,-1,6,1,3,-2,"Acrobatics, Perception",,,,"Charmed, Exhaustion, Paralyzed, Petrified, Poisoned","Poison, Psychic",,60,,,13,"Understands Common, Another language",3,700,2,Evasion,,3,Melee,6,5,,,7,Slashing,Ranged,6,80/320,80,320,8,Piercing,,,,,,,,,,,,,,,,,,,,,,,,,,,Parry: when hit add 2 to ac,,,,,,,,,,,
Nimblewrights Hulk, Forgotten Realms: Adventures in Faerûn,Large,Construct,Neutral,Urban,Urban,,None,18,104,7,50,,,,,,4,0,4,1,4,-2,4,0,4,1,4,-2,"Acrobatics, Perception",,,,"Charmed, Exhaustion, Paralyzed, Petrified, Poisoned","Poison, Psychic",,60,,,17,"Understands Common, Another language",7,"2,900",3,"Evasion, Magic Resistance",,4,Melee,7,10,,,15,Bludgeoning,Ranged,7,60,60,,14,Radiant,,,,,,,,,,,,,,,,,If atk 1 hits speed reduced to 0,,,,,,,,,,,,,,,,,,,,,
Noble,2024 Monster Manual,Medium or Small,Humanoid,Neutral,Any,Any,,Individual,15,9,1,30,,,,,,0,1,1,2,0,3,0,1,1,2,0,3,"Deception, Insight, Persuasion",,,,,,,,,,12,Common plus two other languages,1/8,25,2,,,1,Melee,3,5,,,5,Piercing,,,,,,,,,,,,,,,,,,,,,,,,,,,,,,,,,,Parry hit by  melee +2 to AC,,,,,,,,,,,
Noble Prodigy,2024 Monster Manual,Medium or Small,Humanoid,Neutral,Any,Any,,Individual,16,148,7,30,,,,,,-1,2,3,2,1,4,-1,2,7,6,5,8,"Perception, Persuasion",,,,,,,,,,16,Common plus two other languages,10,"5,900",4,,,3,Melee,8,5,,,18,Psychic,Ranged,8,60,60,,18,Psychic,,,,,,,,,,,,,,,,,Atk 1 and Atk 2 on hit charmed,Charisma,16,Wisdom,8,"Mage Armor, Mage Hand, Minor Illusion",,Shield,"Befuddlement, Detect Thoughts, Fly, Scrying, Shatter (level 7)",,Shield cast shield,,,,,,,,,,,
Noggle Ransacker,Lorwyn: First Light,Small,Fey,Chaotic Neutral,Planar (Feywild),Planar,Feywild,Individual,12,13,2,30,,,,,,2,-1,2,0,1,1,2,-1,2,0,1,1,Stealth,,,,,,,60,,,10,"Common, Sylvan",1/4,50,2,Siege,,1,Melee,4,5,,,6,Slashing,,,,,,,,,,,,,,,,,,,,,,,,Atk 1 on hit reduces ac by 1,,,,,,,,,Nimble Escape can take the disengage or hide action,,,,,,,,,,,,
Noggle Wild Mage,Lorwyn: First Light,Small,Fey,Chaotic Neutral,Planar (Feywild),Planar,Feywild,Individual,13,22,3,30,,,,,,0,0,3,1,2,3,0,0,3,1,4,5,,,,,,,,60,,,11,"Common, Sylvan",1,200,2,Bloodied Wild Magic,,2,Melee,5,5,,,7,"Bludgeoning, Psychic",Ranged,5,60,60,,6,Psychic,,,,,,,,,,,,,,,,,Atk 2 on hit minus 1d4,,,,,,,,,,,,,,,,,,,,,
Nothic,2024 Monster Manual,Medium,Aberration,Neutral Evil,Underdark,Underdark,,Arcana,15,45,3,30,,,,,,2,1,3,0,3,-1,2,1,3,0,3,-1,"Arcana, Stealth","Insight, Perception",,,,,,,120,,14,Undercommon,2,450,2,,,2,Melee,5,5,,,8,Slashing,,,,,,,,,,,,,,,,,,,,,,13,"Constitution, Wisdom",Rotting Gaze 17 necrotic damage,,,,,,,,,DC 14 learns a fact about the target,,,,,,,,,,,,
Nycaloth,2024 Monster Manual,Large,Fiend (Yugoloth),Neutral Evil,Planar (Gehenna),Planar,Gehenna,Armaments,18,152,4,40,,,60,,,5,1,0,0,4,2,5,1,0,0,4,2,"Perception, Stealth",,,"Cold, Fire, Lightning",Poisoned,"Acid, Poison",60,,,,14,"Abyssal, Common, Infernal, Telepathy",9,"5,000",4,"Fiendish Restoration, Magic Resistance",,2,Melee,9,10,,,28,"Slashing, Force",Ranged,9,30/90,30,90,28,"Slashing, Force",,,,,,,,,,,,,,,,,,,,,,,,,,Shadowy Teleport goes invisible and teleports 30ft,,,,,,,,,,,,
Ochre Jelly,2024 Monster Manual,Large,Ooze,Unaligned,Underdark,Underdark,,None,8,52,-2,20,,20,,,,2,-4,-2,-2,2,-5,2,-4,-2,-2,2,-5,,,,Acid,"Charmed, Deafened, Exhaustion, Frightened, Grappled","Lightning, Slashing",60,,,,8,None,2,450,2,"Amorphous, Spider Climb",,1,Melee,4,5,,,12,Acid,,,,,,,,,,,,,,,,,,,,,,,,,,,,,,,,,,Split it becomes bloddied or hit by lightning or slashing the pudding splits,,,,,,,,,,,
Octopus,2024 Monster Manual,Small,Beast,Unaligned,Underwater,Underwater,,None,12,3,2,5,,,,,30,-3,-4,2,0,0,-3,-3,-4,2,0,0,-3,Perception,Stealth,,,,,,30,,,12,None,0,10,2,"Compression, Water Breathing",,1,Melee,4,5,,,1,Bludgeoning,,,,,,,,,,,,,,,,,,,,,,,,,,,,,,,,,,Creates Heavy obscurment and gets full move speed,,,,,,,,,,,
Ogre,2024 Monster Manual,Large,Giant,Chaotic Evil,"Arctic, Desert, Forest, Grassland, Hill, Mountain, Swamp, Underdark","Arctic, Desert, Forest, Grassland, Hill, Mountain, Swamp, Underdark",,Armaments,11,68,-1,40,,,,,,4,-3,-1,-2,3,-2,4,-3,-1,-2,3,-2,,,,,,,,60,,,8,"Common, Giant",2,450,2,,,1,Melee,6,5,,,13,Bludgeoning,Melee,6,5,,,11,Piercing,Ranged,6,30/120,30,120,11,Piercing,,,,,,,,,,,,,,,,,,,,,,,,,,,,,,,
Ogre Zombie,2024 Monster Manual,Large,Undead (Zombie),Neutral Evil,"Planar (Shadowfell), Underdark, Urban","Planar, Underdark, Urban",Shadowfell,None,8,85,-2,30,,,,,,4,-4,-2,-2,4,-3,4,-4,-2,0,4,-3,,,,,"Exhaustion, Poisoned",Poison,,60,,,8,"Understands Common, Giant",2,450,2,Undead Fortitude,,1,Melee,6,5,,,13,Bludgeoning,,,,,,,,,,,,,,,,,,,,,,,,,,,,,,,,,,,,,,,,,,,,,
Ogrillon Ogre,2024 Monster Manual,Large,Giant,Chaotic Evil,"Arctic, Desert, Forest, Grassland, Hill, Mountain, Swamp, Underdark","Arctic, Desert, Forest, Grassland, Hill, Mountain, Swamp, Underdark",,Armaments,12,52,0,30,,,,,,3,-2,0,-1,2,0,3,-2,0,-1,2,0,,,,,,,,60,,,9,"Common, Giant",1,200,2,,,1,Melee,5,5,,,7,Slashing,Melee,5,5,,,6,Piercing,Ranged,5,30/120,30,120,6,Piercing,,,,,,,,,,,,,,,,,,,,,,,,,,,,,,,
Oni,2024 Monster Manual,Large,Fiend,Lawful Evil,"Forest, Urban","Forest, Urban",,Armaments,17,119,0,30,,,30,30,,4,2,0,1,3,2,4,2,3,4,6,2,"Arcana, Perception",Deception,,Cold,,,,60,,,14,"Common, Giant",7,"2,900",3,Regeneration,,2,Melee,7,10,,,19,"Slashing, Necrotic",Ranged,5,60,60,,9,Psychic,,,,,,,,,,,,,,,,,"Akt 2 on hit target is frightened, Shape-shift",Charisma,13,Wisdom,5,,,,"Charm Person (level 2), Darkness, Gaseous Form, Sleep",Invisibility,,,,,,,,,,,,
Orien Enforcer,Eberrron: Forge of the Artificer,Medium or Small,Humanoid (Human),Neutral,None (NPC),None,NPC,None,16,55,6,35,,,,,,1,3,4,2,1,0,1,3,6,4,1,0,"Acrobatics, Perception",,,,,,,,,,14,"Common, Plus two other languages",4,"1,100",2,,,3,Melee,6,5,,,16,"Piercing, Poison",Ranged,6,20/60,20,60,16,"Piercing, Poison",,,,,,,,,,,,,,,13,Constitution,Lightning Cage in a 20ft sphere within 60ft on fail 13 lightining damage and cannot take reactions,Intelligence,13,,5,,,Misty Step,,Cast Misty Step,Temporal Disruption once per day when takes melee damage teleports 30ft and anyone within 10ft makes con save on fail speed is 1/2,,,,,,,,,,,
Otyugh,2024 Monster Manual,Large,Aberration,Neutral,Underdark,Underdark,,Any,14,104,0,30,,,,,,3,-2,0,1,4,-2,3,-2,0,1,7,-2,,,,,,,,120,,,11,"Otyugh, Telepathy",5,"1,800",3,,,3,Melee,6,5,,,12,Piercing,Melee,6,10,,,12,Piercing,,,,,,,,,,,,,,,14,Constitution,"Akt 1 Poisoned, Akt 2 Grappled, Tentacle Slam If target is grappled and failed 16 bludgeoning and stunned",,,,,,,,,,,,,,,,,,,,,
Owl,2024 Monster Manual,Tiny,Beast,Unaligned,"Arctic, Forest, Hill","Arctic, Forest, Hill",,None,11,1,1,5,,,60,,,-4,-4,1,1,-1,2,-4,-4,1,1,-1,2,,"Perception, Stealth",,,,,,120,,,15,None,0,10,2,Flyby,,1,Melee,3,5,,,1,Slashing,,,,,,,,,,,,,,,,,,,,,,,,,,,,,,,,,,,,,,,,,,,,,
Owlbear,2024 Monster Manual,Large,Monstrosity,Unaligned,Forest,Forest,,None,13,59,1,40,,40,,,,5,-4,1,1,3,-2,5,-4,1,1,3,-2,,Perception,,,,,,60,,,15,None,3,700,2,,,2,Melee,7,5,,,14,Slashing,,,,,,,,,,,,,,,,,,,,,,,,,,,,,,,,,,,,,,,,,,,,,
Panther,2024 Monster Manual,Medium,Beast,Unaligned,"Forest, Grassland, Hill","Forest, Grassland, Hill",,None,12,13,2,50,,40,,,,2,-4,2,2,0,-2,2,-4,2,2,0,-2,Perception,Stealth,,,,,,60,,,14,None,1/4,50,2,,,2,Melee,4,5,,,4,Slashing,,,,,,,,,,,,,,,,,,,,,,,,Move half up its speed and can then hide,,,,,,,,,,,,,,,,,,,,,
Pegasus,2024 Monster Manual,Large,Celestial,Chaotic Good,"Forest, Grassland, Hill,  Planar (Upper Planes)","Forest, Grassland, Hill,  Planar",Upper Planes,None,12,59,2,60,,,90,,,4,0,2,2,3,1,4,0,4,4,5,3,,Perception,,,,,,,,,16,"Understands Celestial, Common, Elvish, Sylvan",2,450,2,,,1,Melee,6,5,,,12,"Bludgeoning, Radiant",,,,,,,,,,,,,,,,,,,,,,,,,,,,,,,,,,,,,,,,,,,,,
Performer,2024 Monster Manual,Medium or Small,Humanoid,Neutral,Any,Any,,"Implements, Individual",13,27,3,30,,,,,,1,1,3,2,1,3,1,1,5,2,1,5,Athletics,"Acrobatics, Performance",,,,,,,,,12,Common plus one other language,1/2,100,2,,,1,Melee,5,5,,,6,Piercing,,,,,,,,,,,,,,,,,,,,,,,,,,,,,,,,,,Uncanny Dodge,,,,,,,,,,,
Performer Legend,2024 Monster Manual,Medium or Small,Humanoid,Neutral,Any,Any,,"Implements, Individual",20,162,9,30,,,,,,1,2,5,3,2,5,1,6,9,7,2,9,"Athletics, Perception, Stealth","Acrobatics, Performance",,,,,,,,,17,Common plus two other languages,10,"5,900",4,,,3,Melee,9,5,,,20,"Bludgeoning, Psychic",,,,,,,,,,,,,,,,,,,,,,17,Wisdom,Majestic Song 20ft sphere on fail 22 psychic and either charmed or frightened,Charisma,17,,9,,,,,,,,,,,,,,,,,
Performer Maestro,2024 Monster Manual,Medium or Smaller,Humanoid,Neutral,Any,Any,,"Implements, Individual",18,110,7,30,,,,,,1,1,4,2,2,4,1,1,7,2,2,7,"Athletics, Perception, Stealth","Acrobatics, Performance",,,,,,,,,15,Common plus one other language,6,"2,300",3,,,3,Melee,7,5,,,15,"Piercing, Psychic",,,,,,,,,,,,,,,,,,,,,,15,Wisdom,Beguiling Song 20ft sphere on fail 20 psychic damage,Charisma,15,,7,"Minor Illusion, Prestidigitation",,,Tasha's Hideous Laughter (level 3),,,,,,,,,,,,,
Peryton,2024 Monster Manual,Medium,Monstrosity,Chaotic Evil,"Hill, Mountain","Hill, Mountain",,Armaments,13,33,3,20,,,60,,,3,-1,1,1,1,0,3,-1,1,1,1,0,Stealth,Perception,,,,,,,,,15,"Understands Common, Elvish",2,450,2,Flyby,,2,Melee,5,5,,,7,Piercing,Melee,5,5,,,8,Piercing,,,,,,,,,,,,,,,,,"Atk 1 if moved 30+ before attack on hit +9 piercing, Atk 2 if reduce target to 0 hp target is dead",,,,,,,,,,,,,,,,,,,,,
Phaerimm Agent," Netheril’s Fall: Tales of Terror, Treasure, and Time Travel",Large,Aberration,Neutral Evil,"Underdark, Urban","Underdark, Urban",,"Arcana, Implements",15,123,4,10,,,,40,,1,3,4,3,1,4,1,6,4,6,4,7,"Insight, Perception",Arcana,,,Charmed,,,,120,,16,"Understnads Common, Deep Speech, Telepathy",8,"3,900",3,Magic Resistance,,3,Melee,7,5,,,20,"Piercing, Poison",Ranged,7,120,120,,13,Psychic,,,,,,,,,,,,,,,,,Atk 2 on hit charmed,Charisma,15,Wisdom,7,"Detect Magic, Detect Thoughts, Mage Hand","Counterspell, Shield",,"Clairvoyance, Major Image, Synaptic Static",Teleport 30ft,Protective Magic cast countterspell or shield,,,,,,,,,,,
Phaerimm Elder," Netheril’s Fall: Tales of Terror, Treasure, and Time Travel",Huge,Aberration,Neutral Evil,"Underdark, Urban","Underdark, Urban",,"Arcana, Implements",17,218,8,30,,,,60,,4,3,3,3,3,4,4,8,3,8,8,9,"Insight, Perception",Arcana,,,"Charmed, Frightened",,,,120,,18,"Understnads Common, Deep Speech, Telepathy",14,"11,500",5,Magic Resistance,,3,Melee,9,5,,,32,Psychic,Ranged,9,120,120,,32,Psychic,Melee,9,5,,,37,"Piercing, Poison",,,,,,,,,,Siphon Magic drains the magic from a magic item,Charisma,17,Wisdom,9,"Command, Detect Magic, Detect Thouhgts, Mage Hand","Counterspell, Shield",,"Clairvoyance, Geas, Major Image, Mirage Arcane",Teleport 30ft,Protective Magic cast countterspell or shield,,,,,,,,,,,
Phaerimm Hatchling," Netheril’s Fall: Tales of Terror, Treasure, and Time Travel",Small,Aberration,Neutral Evil,"Underdark, Urban","Underdark, Urban",,"Arcana, Implements",12,13,1,10,,,,30,,0,2,1,3,1,2,0,2,1,3,1,2,Perception,,,,Charmed,,,,60,,15,"Understnads Common, Deep Speech, Telepathy",1/4,50,2,Magic Resistance,,2,Melee,3,5,,,3,Piercing,,,,,,,,,,,,,,,,,,,,,,,,,Charisma,12,Wisdom,4,"Detect Thoughts, Mage Hand",,,,,,,,,,,,,,,,
Phaerimm Scout," Netheril’s Fall: Tales of Terror, Treasure, and Time Travel",Medium,Aberration,Neutral Evil,"Underdark, Urban","Underdark, Urban",,"Arcana, Implements",13,44,3,10,,,40,,,1,2,1,3,1,3,1,4,1,3,1,5,Perception,,,,Charmed,,,,60,,15,"Understnads Common, Deep Speech, Telepathy",2,450,2,Magic Resistance,,2,Melee,3,5,,,13,"Piercing, Poison",Ranged,5,120,120,,6,Psychic,,,,,,,,,,,,,,,,,Atk 2 on hit charmed,Charisma,13,Wisdom,5,"Detect Magic, Detect Thoughts, Mage Hand",,,Clairvoyance,,Uncanny Dodge,,,,,,,,,,,
Phaerimn, Forgotten Realms: Adventures in Faerûn,Small,Aberration,Neutral Evil,"Underdark, Urban","Underdark, Urban",,"Arcana, Implements",12,13,1,10,,,,30,,0,2,1,3,1,2,0,2,1,3,1,2,Perception,,,,Charmed,,,,60,,15,"Understands Common, Deep Speech; telepathy",1/4,50,2,Magic Resistance,,2,Melee,3,5,,,3,Piercing,,,,,,,,,,,,,,,,,,,,,,,,,Charisma,12,Wisdom,4,"Detect Thoughts, Mage Hand",,,,,,,,,,,,,,,,
Phaerimn Agent, Forgotten Realms: Adventures in Faerûn,Large,Aberration,Neutral Evil,"Underdark, Urban","Underdark, Urban",,"Arcana, Implements",15,123,4,10,,,,40,,1,3,4,3,1,4,1,6,4,6,4,7,"Insight, Perception",Arcana,,,Charmed,,,,120,,16,"Understands Common, Deep Speech; telepathy",8,"3,900",3,Magic Resistance,,3,Melee,7,5,,,20,"Piercing, Poison",Ranged,7,120,120,,13,Psychic,,,,,,,,,,,,,,,,,Atk 2 hit charmed,Charisma,15,"Intelligence, Wisdom",7,"Detect Magic, Detect Thoughts, Mage Hand","Counterspell, Shield",,"Clairvoyance, Major Image Synaptic Static",Teleport 30ft,Protective Magic: cast counterspell or shield,,,,,,,,,,,
Phase Spider,2024 Monster Manual,Large,Monstrosity,Unaligned,"Desert, Forest, Grassland, Hill, Planar (Ethereal), Underdark, Urban","Desert, Forest, Grassland, Hill, Planar, Underdark, Urban",Ethereal,Any,14,45,3,30,,30,,,,2,-2,3,0,1,-2,2,-2,3,0,1,-2,,Stealth,,,,,,60,,,10,None,3,700,2,"Ethereal Sight, SPider Climb, Web Walker",,2,Melee,5,5,,,17,"Piercing, Poison",,,,,,,,,,,,,,,,,,,,,,,,Atk 1 if target reduces target to 0 the target is stable poisoned and paralyzed,,,,,,,,,Ethereal Jaunt teleports between material and ethereal plane,,,,,,,,,,,,
Piercer,2024 Monster Manual,Medium,Aberration,Unaligned,Underdark,Underdark,,Individual,15,22,3,5,,15,,,,1,-5,1,-2,3,-4,1,-5,1,-2,3,-4,,Stealth,,,,,30,60,,,8,None,1/2,100,2,Spider Climb,,1,Melee,3,5,,,5,Piercing,,,,,,,,,,,,,,,,,,,,,,11,Dexterity,Drop 10 piercing,,,,,,,,,,,,,,,,,,,,,
Piranha,2024 Monster Manual,Tiny,Beast,Unaligned,Underwater,Underwater,,None,13,1,3,5,,,,,40,-4,-5,3,-2,-1,-4,-4,-5,3,-2,-1,-4,,,,,,,,60,,,8,None,0,10,2,Water Breathing,,1,Melee,5,5,,,1,Piercing,,,,,,,,,,,,,,,,,,,,,,,,Akt. has adv. if the target is already hurt,,,,,,,,,,,,,,,,,,,,,
Pirate,2024 Monster Manual,Medium or Smaller,Humanoid,Neutral,Any,Any,,"Individual, Implements",14,33,4,20,,,,,,0,-1,3,1,1,2,0,-1,5,1,1,4,,,,,,,,,,,11,Common plus one other language,1,200,2,,,2,Melee,5,5,,,5,Piercing,Ranged,5,20/60,20,60,5,Piercing,,,,,,,,,,,,,,,12,Wisdom,Enthralling Panache within 30ft on fail charmed,,,,,,,,,,,,,,,,,,,,,
Pirate Admiral,2024 Monster Manual,Medium or Small,Humanoid,Neutral,Any,Any,,"Individual, Implements",20,182,10,30,,,,,,2,1,6,2,2,4,6,1,10,6,2,8,"Acrobatics, Perception",Athletics,,,,,,,,,16,Common plus one other language,12,"8,400",4,,,3,Melee,10,5,,,23,"Slashing, Poison",Ranged,10,30/90,30,90,28,Piercing,,,,,,,,,,,,,,,,,"Atk 1 on hit either: Awestruck charmed, Poison poisoned",,,,,,,,,Rally 1/day he chooses 3 targets to give advantage,Defensive Stance when hit by melee +4 to AC if missed attack,,,,,,,,,,,
Pirate Captain,2024 Monster Manual,Medium or Small,Humanoid,Neutral,Any,Any,,"Individual, Implements",17,84,7,30,,,,,,0,0,4,2,2,3,0,0,7,5,2,6,"Acrobatics, Perception",,,,,,,,,,15,Common plus one other language,6,"2,300",3,,,3,Melee,7,5,,,13,Piercing,Ranged,7,30/90,30,90,15,Piercing,,,,,,,,,,,,,,,14,Wisdom,,,,,,,,,,Captain's Charm within 30ft on fail charmed,Riposte when hit by melee +3 to AC if missed attack,,,,,,,,,,,
Pit Fiend,2024 Monster Manual,Large,Fiend (Devil),Lawful Evil,Planar (Nine Hells),Planar,Nine Hells,Relics,21,337,14,30,,,60,,,8,6,2,4,7,7,8,6,8,10,7,7,Perception,Persuasion,,Cold,Poisoned,"Fire, Poison",,,120,,20,"Infernal, Telepathy",20,"25,000",6,"Diabolical Restoration, Fear Aura, Magic Resistance",4,4,Melee,14,10,,,18,Piercing,Ranged,14,10,10,,26,Necrotic,Melee,14,10,,,43,"Force, Fire",,,,,,,,21,"Wisdom, Constitution",Akt 1 on hit and fail the target is poisoned can't regain hp and takes 21 Poison damage every round,,,"Dexterity, Wisdom",,,,,,,,,,,,,,,,,,
Pixie,2024 Monster Manual,Tiny,Fey,Neutral Good,"Forest, Planar (Feywild)","Forest, Planar",Feywild,Arcana,15,9,5,10,,,30,,,-4,0,5,2,-1,2,-4,0,5,2,-1,2,"Perception, Stealth",,,,,,,,,,14,Sylvan,1/4,50,2,Magic Resistance,,1,Melee,4,5,,,1,Radiant,Ranged,4,60,60,,1,Radiant,,,,,,,,,,,,,,,,,Akt 1 and Akt 2 on hit charms or poisoned,Charisma,12,Wisdom,4,"Dancing Lights, Druidcraft, Invisibility (self)",,,"Detect Thoughts, Fly, Sleep",,,,,,,,,,,,,
Pixie Wonderbringer,2024 Monster Manual,Tiny,Fey,Neutral Good,"Forest, Planar (Feywild)","Forest, Planar",Feywild,Arcana,15,60,5,10,,,30,,,-4,0,5,2,0,4,-4,0,5,2,0,4,"Arcana, Perception, Stealth",,,,,,,,,,15,"Common, Elvish, Sylvan",5,"1,800",3,Magic Resistance,,2,Melee,7,5,,,15,Radiant,Ranged,7,60,60,,15,Radiant,,,,,,,,,,,,,,,,,Akt 1 and Akt 2 on hit charms or poisoned,Charisma,15,"Strength, Wisdom",7,"Dancing Lights, Druidcraft, Invisibility (self)",,,"Detect Thoughts, Fly, Major Image","Burst of Wonder recharges on 5-6 cast Entangle, Polymorph, Tasha's Hideous Laughter",,,,,,,,,,,,
Planetar,2024 Monster Manual,Large,Celestial (Angel),Lawful Good,Planar (Upper Planes),Planar,Upper Planes,Relics,19,262,10,40,,,120,120,,7,4,5,6,7,7,12,4,5,11,12,12,Perception,,,Radiant,"Charmed, Exhaustion, Frightened",,,,120,,21,"All, Telepathy",16,"15,000",5,"Divine Awareness, Exalted Restoration, Magic Resistance",,3,Melee,12,10,,,32,"Slashing, Radiant",,,,,,,,,,,,,,,,,,,,,,20,Dexterity,Holy Burst 20ft sphere 24 radiant damage,Charisma,20,Charisma,12,Detect Evil and Good,,"Cure Wounds, Invisibility, Lesser Restoration, Remove Curse","Commune, Control Weather, Dispel Evil and Good, Raise Dead","Cast Cure Wounds, Invisibility, Lesser Restoration, or Remove Curse",,,,,,,,,,,,
Plesiosaurus,2024 Monster Manual,Large,Beast (Dinosaur),Unaligned,"Coastal, Underwater","Coastal, Underwater",,None,13,68,2,20,,,,,40,4,-4,2,1,3,-3,4,-4,2,1,3,-3,"Perception, Stealth",,,,,,,,,,13,None,2,450,2,Hold Breath,,1,Melee,6,10,,,11,Piercing,,,,,,,,,,,,,,,,,,,,,,,,,,,,,,,,,,,,,,,,,,,,,
Polar Bear,2024 Monster Manual,Large,Beast,Unaligned,Arctic,Arctic,,None,12,42,2,40,,,,,40,5,-4,2,1,3,-2,5,-4,2,1,3,-2,Stealth,Perception,,Cold,,,,60,,,15,None,2,450,2,,,2,Melee,7,5,,,9,Slashing,,,,,,,,,,,,,,,,,,,,,,,,,,,,,,,,,,,,,,,,,,,,,
Polar Serpent, Forgotten Realms: Adventures in Faerûn,Large,Elemental,Neutral,"Artic, Underdark","Artic, Underdark",,None,14,58,4,40,,,40,,,4,-3,4,1,1,-2,4,-3,4,1,1,-2,"Perception, Stealth",,,,,Cold,,60,,,13,Understands Primordial,3,700,2,Misty Slithering,,2,Melee,6,5,,,11,"Piercing, Cold",,,,,,,,,,,,,,,,,,,,,,14,Strength,Constrict: on fail within 10ft 10 bludgeoning and cold damage and restrained,,,,,,,,,,,,,,,,,,,,,
Poltergeist,2024 Monster Manual,Medium or Smaller,Undead,Chaotic Neutral,"Underdark, Urban","Underdark, Urban",,Any,12,22,2,5,,,50,50,,-5,0,2,0,0,2,-5,0,2,0,0,2,,,,"Acid, Bludgeoning, Cold, Fire, Lightning, Piercing, Slashing,  Thunder","Charmed, Exhaustion, Grappled, Paralyzed, Petrified, Poisoned, Prone, Restrained, Unconscious","Necrotic, Poison",,60,,,10,Common plus one other language,2,450,2,Incorporeal Movement,,2,Melee,4,5,,,7,Bludgeoning,Ranged,4,30,30,,7,Bludgeoning,,,,,,,,,,,,,,,12,Strength,Telekinetic within 30ft 9 force damage and pushed 30ft,,,,,,,,,Vanish becomes invisible,,,,,,,,,,,,
Pony,2024 Monster Manual,Medium,Beast,Unaligned,"Grassland, Urban","Grassland, Urban",,None,10,11,0,40,,,,,,2,-4,0,0,1,-2,4,-4,0,0,1,-2,,,,,,,,,,,10,None,1/8,25,2,,,1,Melee,4,5,,,4,Bludgeoning,,,,,,,,,,,,,,,,,,,,,,,,,,,,,,,,,,,,,,,,,,,,,
Priest,2024 Monster Manual,Medium or Small,Humanoid (Cleric),Neutral,Any,Any,,"Individual, Relics",13,38,0,30,,,,,,3,1,0,3,1,1,3,1,0,3,1,1,,"Medicine, Perception,  Religion",,,,,,,,,15,Common plus one other language,2,450,2,,,2,Melee,5,5,,,11,"Bludgeoning, Radiant",Ranged,4,60,60,,11,Radiant,,,,,,,,,,,,,,,,,,Wisdom,13,Wisdom,5,"Light, Thaumaturgy","Bless, Dispel Magic, Healing Word, Lesser Restoration",,Spirit Guardians,"Divine Aid 3/day Bless, Dispel Magic, Healing Word, or Lesser Restoration",,,,,,,,,,,,
Priest Acolyte,2024 Monster Manual,Medium or Small,Humanoid (Cleric),Neutral,Any,Any,,"Individual, Relics",13,11,0,30,,,,,,2,0,0,2,1,0,2,0,0,2,1,0,"Medicine, Religion",,,,,,,,,,12,Common,1/4,50,2,,,1,Melee,4,5,,,7,"Bludgeoning, Radiant",Ranged,4,60,60,,7,Radiant,,,,,,,,,,,,,,,,,,Wisdom,12,Wisdom,4,"Light, Thaumaturgy",,,"Bless, Healing Word, Sanctuary","Divine Aid 1/day cast bless, healing word, or sanctuary",,,,,,,,,,,,
Primeval Owlbear,2024 Monster Manual,Huge,Monstrosity,Unaligned,Forest,Forest,,None,16,126,5,40,,40,5,,,6,-1,2,2,4,-2,6,-1,2,5,7,-2,,Perception,,,,,,120,,,18,None,7,"2,900",3,Magic Resistance,,2,Melee,9,5,,,15,Slashing,,,,,,,,,,,,,,,,,,,,,,15,Constitution,"Atk 1 if moved 20+ on hit +9 slashing damage and prone, Screech recharges 5-6 within 30ft on fail 27 thunder damage and incapacitated",,,,,,,,,,,,,,,,,,,,,
Pseudodragon,2024 Monster Manual,Tiny,Dragon,Neutral Good,"Coastal, Desert, Forest, Hill, Mountain, Urban","Coastal, Desert, Forest, Hill, Mountain, Urban",,Arcana,14,10,2,15,,,60,,,-2,0,2,1,1,0,-2,0,2,1,1,0,Stealth,Perception,,,,,10,60,,,15,"Common, Draconic",1/4,50,2,,,2,Melee,4,5,,,4,Piercing,,,,,,,,,,,,,,,,,,,,,,12,Constitution,Con Save 5 poison damage and poison condition Fail by 5+ Unconscious,,,,,,,,,,,,,,,,,,,,,
Psychic Gray Ooze,2024 Monster Manual,Medium,Ooze,Unaligned,Underdark,Underdark,,None,9,37,-1,10,,10,,,,1,0,-1,-2,3,-4,1,0,-1,-2,3,-4,,Stealth,,"Acid, Cold, Fire, Psychic","Blinded, Charmed, Deafened, Exhaustion, Frightened, Grappled, Prone, Restrained",,60,,,,8,None,1,200,2,Amorphous,,1,Melee,3,5,,,11,Acid,,,,,,,,,,,,,,,,,,,,,,10,Intelligence,"Atk 1 on hit disadvantage on intelligence saving throws until end of the ooze's turn, Psychic Crush on fail within 60ft 13 psychic damage",,,,,,,,,,,,,,,,,,,,,
Pteranodon,2024 Monster Manual,Medium,Beast (Dinosaur),Unaligned,"Coastal, Grassland, Mountain","Coastal, Grassland, Mountain",,None,12,13,2,10,,,60,,,1,-4,2,-1,0,-3,1,-4,2,-1,0,-3,Perception,,,,,,,,,,11,None,1/4,50,2,Flyby,,1,Melee,4,5,,,6,Piercing,,,,,,,,,,,,,,,,,,,,,,,,,,,,,,,,,,,,,,,,,,,,,
Purple Worm,2024 Monster Manual,Gargantuan,Monstrosity,Unaligned,"Desert, Underdark","Desert, Underdark",,None,18,247,3,50,50,,,,,9,-5,-2,-1,6,-3,9,-5,-2,4,11,-3,,,,,,,30,,,60,9,None,15,"13,000",5,Tunneler,,2,Melee,14,10,,,22,Piercing,Melee,14,10,,,51,"Piercing, Poison",,,,,,,,,,,,,,,19,Strength,Atk 1 on hit grappled and restrained,,,,,,,,,Swallow target is graplied on fail swallowed blinded and restrained total cover 17 acid damage every round,,,,,,,,,,,,
Quaggoth,2024 Monster Manual,Medium,Monstrosity,Chaotic Neutral,Underdark,Underdark,,None,13,45,1,30,,30,,,,3,-2,1,1,3,-2,3,-2,1,1,3,-2,Athletics,,,,Poisoned,Poison,,120,,,11,Undercommon,2,450,2,Bloodied Fury,,2,Melee,5,5,,,6,Slashing,,,,,,,,,,,,,,,,,,,,,,,,Atk 1 if they are bloodied 13 damage,,,,,,,,,,,,,,,,,,,,,
Quaggoth Thonot,2024 Monster Manual,Medium,Monstrosity,Chaotic Neutral,Underdark,Underdark,,None,15,67,1,30,,30,,,,3,-2,1,2,3,-2,3,-2,1,2,3,-2,,,,,,,,120,,,12,Undercommon,3,700,2,Bloodied Fury,,2,Melee,5,5,,,6,Slashing,,,,,,,,,,,,,,,,,,,,,,,,Atk 1 if they are bloodied 13 damage,Wisdom,12,Wisdom,4,"Mage Hand, Minor Illusion","Feather Fall, Shield",Mind Spike,,,"Psionic Defense 3/day cast Feather Fall, or Shield",,,,,,,,,,,
Quasit,2024 Monster Manual,Tiny,Fiend (Demon),Chaotic Evil,Planar (Abyss),Planar,Abyss,None,13,25,3,40,,,,,,-3,-2,3,0,0,0,-3,-2,3,0,0,0,Stealth,,,"Cold, Fire, Lightning","Poisoned, ",Poison,,120,,,10,"Abyssal, Common",1,200,2,Magic Resistance,,1,Melee,5,5,,,5,Slashing,,,,,,,,,,,,,,,,,,,,,,10,Wisdom,"Target is poisoned, Invisibility, frightened, Shape shift into a bat centipede or toad",,,,,,,,,,,,,,,,,,,,,
Queen Forfallen, Forgotten Realms: Adventures in Faerûn,Medium,Construct,Neutral Evil,None (NPC),None,NPC,None (NPC),16,153,6,30,,,,,,5,2,2,3,4,4,5,2,2,7,4,4,"Athletics, Insight, Perception",,,,"Exhaustion, Petrified, Poisoned",Poison,,,,,17,Common,10,"5,900",4,"Inspiring Presence, Magic Resistance",,3,Melee,9,5,,,18,Slashing,Melee,9,5,,,22,Slashing,Ranged,9,20/60,20,60,22,Slashing,,,,,,,,16,Constitution,Atk 1 on hit poisoned,,,,,,,,,Rust's Grip one creature within 20ft if fail restrained fail again petrified,,,,,,,,,,,,
Questing Knight,2024 Monster Manual,Medium or Small,Humanoid,Neutral,Any,Any,,"Armaments, Individual",18,202,7,30,,,,,,5,0,3,1,3,4,9,0,3,5,7,8,"Athletics, Perception, Persuasion",,,,"Charmed, Frightened",,,,,,15,Common plus one other language,12,"8,400",4,Aura of Bravery,,3,Melee,9,5,,,34,"Slashing, Radiant",Ranged,7,150/600,150,600,34,"Slashing, Radiant",,,,,,,,,,,,,,,,,,Charisma,16,Charisma,8,,,,"Daylight, Dispel Evil and Good, Greater Restoration, Phantom Steed",,,,,,,,,,,,,
Rakshasa,2024 Monster Manual,Medium,Fiend,Lawful Evil,"Planar (Nine Hells), Urban","Planar, Urban",Nine Hells,Relics,17,221,8,40,,,,,,2,1,3,3,4,5,2,1,3,3,4,5,"Deception, Insight, Perception",,Piercing (bless),,"Charmed, Frightened",,,,60,,18,"Common, Infernal",13,"10,000",5,"Greater Magic Resistance, Fiendish Restoration",,3,Melee,10,5,,,31,"Slashing, Necrotic",,,,,,,,,,,,,,,,,,,,,,19,Wisdom,"Akt 1 on hit the target is cursed and can't gain any benefit from a short or long rest, Baleful Command recharges on 5-6 within 30ft on fail 28 psychic damage and frightened and incapacitated",Charisma,18,Wisdom,10,"Detect Magic, Detect Thoughts, Disguise Self, Mage Hand, Minor Illusion",,,"Fly, Invisibility, Major Image, Plane Shift",,,,,,,,,,,,,
Rat,2024 Monster Manual,Tiny,Beast,Unaligned,"Forest, Swamp, Underdark, Urban","Forest, Swamp, Underdark, Urban",,None,10,1,0,20,,20,,,,-4,-4,0,0,-1,-3,-4,-4,0,0,-1,-3,Perception,,,,,,,30,,,12,None,0,10,2,,,1,Melee,2,5,,,1,Piercing,,,,,,,,,,,,,,,,,,,,,,,,Agile,,,,,,,,,,,,,,,,,,,,,
Raven,2024 Monster Manual,Tiny,Beast,Unaligned,"Hill, Swamp, Urban","Hill, Swamp, Urban",,None,12,2,2,10,,,50,,,-4,-3,2,1,0,-2,-4,-3,2,1,0,-2,Perception,,,,,,,,,,13,None,0,10,2,,,1,Melee,4,5,,,1,Piercing,,,,,,,,,,,,,,,,,,,,,,,,Mimicry,,,,,,,,,,,,,,,,,,,,,
Red Dragon Wyrmling,2024 Monster Manual,Medium,Dragon (Chromatic),Chaotic Evil,"Hill, Mountain","Hill, Mountain",,Any,17,75,2,30,,30,60,,,4,1,0,0,3,2,4,1,2,2,3,2,Stealth,Perception,,,,Fire,10,60,,,14,Draconic,4,"1,100",2,,,2,Melee,6,5,,,12,"Slashing, Fire",,,,,,,,,,,,,,,,,,,,,,13,Dexterity,Fire Breath recharge on 5-6 15ft coone 24 fire damage,,,,,,,,,,,,,,,,,,,,,
Red Slaad,2024 Monster Manual,Large,Aberration (Slaad),Chaotic Neutral,Planar (Limbo),Planar,Limbo,Any,14,93,1,30,,,,,,3,-2,1,-2,3,-2,3,-2,1,-2,3,-2,Perception,,,"Acid, Cold, Fire, Lightning, Thunder",,,,60,,,11,"Slaad, Telepathy",5,"1,800",3,"Magic Resistance, Regeneration",,3,Melee,6,10,,,10,Piercing,,,,,,,,,,,,,,,,,,,,,,14,Constitution,After Akt 1 and on fail save the target becomes cursed and has eggs implanted,,,,,,,,,,,,,,,,,,,,,
Reef Shark,2024 Monster Manual,Medium,Beast,Unaligned,Underwater,Underwater,,None,12,22,2,5,,,,,30,2,-5,2,0,1,-3,2,-5,2,0,1,-3,Perception,,,,,,30,,,,12,None,1/2,100,2,Pack Tactics,,1,Melee,4,5,,,7,Piercing,,,,,,,,,,,,,,,,,,,,,,,,,,,,,,,,,,,,,,,,,,,,,
Remorhaz,2024 Monster Manual,Huge,Monstrosity,Unaligned,Arctic,Arctic,,None,17,195,5,40,30,,,,,7,-3,1,0,5,-3,7,-3,1,0,5,-3,,,,,,"Cold, Fire",,60,,60,10,None,11,"7,200",4,Heat Aura,,1,Melee,11,10,,,32,"Piercing, Fire",,,,,,,,,,,,,,,,,,,,,,19,Strength,"Atk 1 on hit grappled and restrained, Swallow one target grappled on fail blinded restrained total cover and 20 acid and fire damage every round",,,,,,,,,,,,,,,,,,,,,
Revenant,2024 Monster Manual,Medium,Undead,Neutral,"Forest, Swamp, Urban","Forest, Swamp, Urban",,Any,13,127,2,30,,,,,,4,1,2,3,4,4,7,1,2,6,7,7,,,,"Necrotic, Psychic","Charmed, Exhaustion, Frightened, Paralyzed, Poisoned, Stunned",Poison,,60,,,13,Common plus one other language,5,"1,800",3,"Regeneration, Undead Restoration",,3,Melee,7,5,,,11,Necrotic,,,,,,,,,,,,,,,,,,,,,,15,Wisdom,Vengeful Glare within 30ft on fail frightened second fail paralyzed,,,,,,,,,Vow of Revenge 1/day within 30ft cursed,,,,,,,,,,,,
Rhinoceros,2024 Monster Manual,Large,Beast,Unaligned,Grassland,Grassland,,None,13,45,-1,40,,,,,,5,-4,-1,1,2,-2,5,-4,-1,1,2,-2,,,,,,,,,,,11,None,2,450,2,,,1,Melee,7,5,,,14,Piercing,,,,,,,,,,,,,,,,,,,,,,,,Charge attack +9 to damage and gives pron condition,,,,,,,,,,,,,,,,,,,,,
Riding Horse,2024 Monster Manual,Large,Beast,Unaligned,"Grassland, Urban","Grassland, Urban",,None,11,13,1,60,,,,,,3,-4,1,0,1,-2,3,-4,1,0,1,-2,,,,,,,,,,,10,None,1/4,50,2,,,1,Melee,5,5,,,7,Bludgeoning,,,,,,,,,,,,,,,,,,,,,,,,,,,,,,,,,,,,,,,,,,,,,
Rilly June, Stranger Things: Welcome to the Hellfire Club,Small,Humanoid (Halfling),Neutral,None,None,,None,12,13,2,30,,,,,,2,0,2,1,1,0,2,0,2,3,1,0,"Nature, Perception, Survival",,,,,,,,,,13,"Common, Halfling",1/2,100,2,,,2,Melee,4,5,,,6,Piercing,,,,,,,,,,,,,,,,,,,,,,11,Wisdom,G'wan Git! 1/day one creature within 60ft on fail 10 psychic and frightened,,,,,,,,,,,,,,,,,,,,,
Roc,2024 Monster Manual,Gargantuan,Monstrosity,Unaligned,"Arctic, Coastal, Desert, Hill, Mountain","Arctic, Coastal, Desert, Hill, Mountain",,Any,15,248,8,20,,,120,,,9,-4,0,0,5,-1,9,-4,4,4,5,-1,,Perception,,,,,,,,,18,None,11,"7,200",4,,,2,Melee,13,10,,,28,Piercing,Melee,13,5,,,23,Slashing,,,,,,,,,,,,,,,,,Atk 2 on hit grappled and restrained,,,,,,,,,Swoop recharges on 5-6 if grappled fly half its speed without provoking opportunity attacks,,,,,,,,,,,,
Roper,2024 Monster Manual,Large,Aberration,Neutral Evil,Underdark,Underdark,,Any,20,93,5,10,,20,,,,4,-2,-1,3,3,-2,4,-2,-1,3,3,-2,"Perception, Stealth",,,,,,,60,,,16,None,5,"1,800",3,Spider Climb,,4,Melee,7,5,,,17,Piercing,Melee,7,60,,,0,,,,,,,,,,,,,,,,,,"Akt 2 grapples and is poisoned, Reel pull a grappled target 30ft",,,,,,,,,,,,,,,,,,,,,
Rust Monster,2024 Monster Manual,Medium,Monstrosity,Unaligned,Underdark,Underdark,,None,14,33,1,40,,,,,,1,-4,1,1,1,-2,1,-4,1,1,1,-2,,,,,,,,60,,,11,None,1/2,100,2,Iron Scent,,3,Melee,3,5,,,5,Piercing,,,,,,,,,,,,,,,,,,,,,,11,Dexterity,"Antennae target one nonmagical metal within 5ft on fail -1 to AC or attack rolls, Destroy Metal destroy 1ft cube of a metal object not being worn",,,,,,,,,,Reflexive Antennae when hit use Antennae,,,,,,,,,,,
Rusted Behemoth, Forgotten Realms: Adventures in Faerûn,Huge,Construct,Neutral,"Coastal, Forest","Coastal, Forest",,Individual,18,157,0,40,,,,,,6,-2,0,1,4,-2,6,-2,0,1,4,-2,,,,,"Exhaustion, Petrified, Poisoned",Poison,,120,,,11,"Common, Giant",9,"5,000",4,,,3,Melee,10,10,,,20,Bludgeoning,Ranged,10,60/240,60,240,15,Bludgeoning,,,,,,,,,,,,,,,16,Constitution,Atk 2 on hit poisoned,,,,,,,,,,"Rust-Riddled Hide: when hit bludgeoning, piercing, or slashing con save within 5ft on fail poisoned",,,,,,,,,,,
Rusted Berserker, Forgotten Realms: Adventures in Faerûn,Medium,Construct,Neutral,"Coastal, Forest","Coastal, Forest",,Individual,16,82,2,30,,,,,,4,-2,2,0,3,-2,4,-2,2,0,3,-2,,,,,"Exhaustion, Petrified, Poisoned",Poison,,,,,10,Common,4,"1,100",2,,,2,Melee,6,5,,,11,Slashing,Melee,6,5,,,11,Piercing,Ranged,6,30/120,30,120,11,Piercing,,,,,,,,,,Any atk on hit poisoned,,,,,,,,,,,,,,,,,,,,,
Rusted Wyrm, Forgotten Realms: Adventures in Faerûn,Gargantuan,Construct,Neutral,"Coastal, Forest","Coastal, Forest",,Individual,20,231,6,40,,,,,60,7,-1,1,2,6,-2,7,-1,1,2,6,-2,,,,,"Exhaustion, Frightened, Petrified, Poisoned","Fire, Poison",,120,,,12,"Common, Draconic",14,"11,500",5,,3,2,Melee,12,20,,,29,Piercing,,,,,,,,,,,,,,,,,,,,,,19,"Constitution, Dexterity",Stream Breath: 60ft cone on fail 45 fire damage and burning,,,,,,,,,"Encasing Rust: Con save in within 20ft on fail 14 poison, posion and paralyzed",,,,,,,,,,,,
Saber-Toothed Tiger,2024 Monster Manual,Large,Beast,Unaligned,"Arctic, Hill, Mountain","Arctic, Hill, Mountain",,None,13,52,3,40,,,,,,4,-4,3,1,2,-1,6,-4,5,1,2,-1,,"Perception, Stealth",,,,,,60,,,15,None,2,450,2,Running Leap,,2,Melee,6,5,,,11,Slashing,,,,,,,,,,,,,,,,,,,,,,,,,,,,,,,,,Disengage or Hide,,,,,,,,,,,,
Sahuagin Baron,2024 Monster Manual,Large,Fiend,Lawful Evil,"Coastal, Underwater","Coastal, Underwater",,Any,16,76,5,30,,,,,50,4,2,2,1,3,3,4,2,5,4,6,3,,Perception,,"Acid, Cold",,,,120,,,17,Sahuagin,5,"1,800",3,"Blood Frenzy, Limited Amphibiousness, Shark Telepathy",,3,Melee,7,5,,,13,Piercing,Ranged,7,20/60,20,60,13,Piercing,,,,,,,,,,,,,,,14,Constitution,,,,,,,,,,Fiendish Blood if it takes piercing or slashing damage within 5ft on fail 10 acid damage cursed and can't benefit from a short or a long rest or be invisible speed is reduced by 10 and fiends know where the target is at,,,,,,,,,,,,
Sahuagin Priest,2024 Monster Manual,Medium,Fiend,Lawful Evil,"Coastal, Underwater","Coastal, Underwater",,Any,12,38,0,30,,,,,40,1,1,0,2,1,1,1,1,0,2,1,1,Religion,Perception,,"Acid, Cold",,,,120,,,16,Sahuagin,2,450,2,"Blood Frenzy, Limited Amphibiousness, Shark Telepathy",,2,Melee,4,5,,,11,Force,Ranged,4,120,120,,11,Force,,,,,,,,,,,,,,,,,,Wisdom,12,Wisdom,4,Thaumaturgy,,"Bless, Healing Word, Hold Person, Tongues",,Fiendish Aid (2/day) cast bless or healing word,,,,,,,,,,,,
Sahuagin Warrior,2024 Monster Manual,Medium,Fiend,Lawful Evil,"Coastal, Underwater","Coastal, Underwater",,Any,12,22,0,30,,,,,40,1,1,0,1,1,-1,1,1,0,1,1,-1,,Perception,,"Acid, Cold",,,,120,,,15,Sahuagin,1/2,100,2,"Blood Frenzy, Limited Amphibiousness, Shark Telepathy",,2,Melee,3,5,,,4,Slashing,,,,,,,,,,,,,,,,,,,,,,,,,,,,,,,,,Aquatic Charge swim p to its speed,,,,,,,,,,,,
Salamander,2024 Monster Manual,Large,Elemental,Neutral Evil,"Planar (Elemental Plane of Fire), Underdark","Planar, Underdark",Elemental Plane of Fire,Armaments,15,90,2,30,,30,,,,4,0,2,0,2,1,4,0,2,0,2,1,,,Cold,,,Fire,,60,,,10,Primordial (Ignan),5,"1,800",3,Fire Aura,,2,Melee,7,5,,,20,"Piercing, Fire",Ranged,7,20/60,20,60,20,"Piercing, Fire",,,,,,,,,,,,,,,15,Strength,Constrict within 10ft on fail 18 bludgeoning and fire damage grappled and restrained,,,,,,,,,,,,,,,,,,,,,
Salamander Fire Snake,2024 Monster Manual,Medium,Elemental,Neutral Evil,"Planar (Elemental Plane of Fire), Underdark","Planar, Underdark",Elemental Plane of Fire,Armaments,14,27,2,30,,30,,,,1,-2,2,0,0,-1,1,-2,2,0,0,-1,,,Cold,,,Fire,,60,,,10,Understands Primordial,1,200,2,Fire Aura,,1,Melee,4,5,,,9,"Piercing, Fire",,,,,,,,,,,,,,,,,,,,,,,,,,,,,,,,,,,,,,,,,,,,,
Salamander Inferno Master,2024 Monster Manual,Large,Elemental,Neutral Evil,"Planar (Elemental Plane of Fire), Underdark","Planar, Underdark",Elemental Plane of Fire,Armaments,18,256,8,40,,40,,,,7,2,3,0,4,5,7,2,8,5,4,5,,,Cold,,,Fire,,120,,,10,Primordial (Ignan),15,"13,000",5,"Fire Aura, Magic Resistance",,2,Melee,12,5,,,30,"Piercing, Fire",Ranged,12,30/90,30,90,30,"Piercing, Fire",,,,,,,,,,,,,,,18,Dexterity,Inferno Blast recharges on 5-6 30ft sphere on fail 35 damage and 5 fire damage every tune and 1 exhaustion level,,,,,,,,,Blazing Movement dashes without taking attacks of opportunity and if he moves through a target space they take 7 fire damage,,,,,,,,,,,,
Sammaster (Dracolich Form), Forgotten Realms: Adventures in Faerûn,Huge,Undead,Chaotic Evil,None (NPC),None,NPC,None (NPC),20,276,14,40,30,,80,,,7,6,0,2,5,5,7,13,7,9,12,5,History,"Arcana, Perception",,,"Charmed, Exhaustion, Frightened, Paralyzed, Poisoned","Acid, Necrotic, Poison",60,120,,,26,"Common, Draconic, Infernal",22,"41,000",7,"Life Suppression, Magic Resistance, Soul Gem",3,3,Melee,14,10,,,36,"Slashing, Necrotic",,,,,,,,,,,,,,,,,,,,,,20,Constitution,Corroding Breath: Con save 90ft cone on fail 52 acid or necrotic,Intelligence,21,Constitution,13,"Blight, Detect Magic, Dispel Magic, Mage Hand, Prestidigitation, Ray of Sickness (level 6)",,"Dimension Door, Speak with Dead","Create Undead (Level 8), Power Word Kill",,,3,21,Wisdom,"Pounce: move 1/2 speed and atk once, Sickening Ray: cast ray of sickness, Terrifying Presence: within 20ft on fail 13 psychic and frightened",,,,,,,
Sammaster (Lich Form), Forgotten Realms: Adventures in Faerûn,Medium,Undead (Wizard),Chaotic Evil,None (NPC),None,NPC,None (NPC),22,322,16,30,,,,,,1,6,2,2,3,5,1,13,9,9,10,5,"History, Perception",Arcana,,,"Charmed, Exhaustion, Frightened, Paralyzed, Poisoned","Acid,Cold, Lightning",60,120,,,19,"Common, Draconic, Infernal",22,"41,000",7,"Life Suppression, Magic Resistance, Soul Gem",3,3,Melee,13,5,,,38,Acid or Necrotic,Ranged,13,120,120,,38,Acid or Necrotic,Melee,13,5,,,16,Cold,,,,,,,,,,Atk 3 on hit paralyzed,Intelligence,21,"Constitution, Dexterity",13,"Cone of Cold, Counterspell, Detect Magic, Dispel Magic, Invisibility, Mage Hand, Prestidigitation, Shield",,"Speak with Dead, Wall of Force","Create Undead (Level 8), Disintegrate, Power Word Kill",,Protectice Magic: Cast counterspell or shield,3,21,Wisdom,"Deathly Teleport: Teleport 60ft anyone within 10ft 19 necrotic, Dissolve: Atk 1 Terrifying Presence: within 20ft on fail 13 psychic and frightened",,,,,,,
Satyr,2024 Monster Manual,Medium,Fey,Chaotic Neutral,"Forest, Planar (Feywild)","Forest, Planar",Feywild,Implements,13,31,3,40,,,,,,1,1,3,0,0,2,1,1,3,0,0,2,"Perception, Stealth",Performance,,,,,,,,,12,"Common, Elvish, Sylvan",1/2,100,2,Magic Resistance,,1,Melee,5,5,,,5,Bludgeoning,,,,,,,,,,,,,,,,,,,,,,12,Wisdom,"Akt 1 pushes 10ft on hit, Mockery 90ft on fail 5 psychic damage",,,,,,,,,,,,,,,,,,,,,
Satyr Revelmaster,2024 Monster Manual,Medium,Fey,Chaotic Neutral,"Forest, Planar (Feywild)","Forest, Planar",Feywild,Implements,17,82,7,40,,,,,,1,1,4,2,1,3,1,1,7,5,1,3,"Acrobatics, Perception",Performance,,,,,,,,,15,"Common, Elvish, Sylvan",6,"2,300",3,Magic Resistance,,3,Melee,7,5,,,13,Bludgeoning,,,,,,,,,,,,,,,,,,,,,,14,Wisdom,"Akt 1 charmed on hit, Fey Melody recharges on 4-6 within 60ft on fail are charmed or takes 10 psychic damage and is frightened",,,,,,,,,,,,,,,,,,,,,
Scarecrow,"2024 Monster Manual,  Stranger Things: Welcome to the Hellfire Club",Medium,Construct,Chaotic Evil,Grassland,Grassland,,None,11,27,3,20,,,,,,0,0,1,0,0,1,0,0,1,0,0,1,,,Fire,,"Charmed, Exhaustion, Frightened, Paralyzed, Petrified, Poisoned, Unconscious",Poison,,60,,,10,Common plus one other language,1,200,2,,,1,Melee,3,5,,,6,Slashing,,,,,,,,,,,,,,,,,,,,,,11,Wisdom,"Akt 1 on hit frightened, Terrifying Glare within 30ft on fail frightened and paralyzed",,,,,,,,,,,,,,,,,,,,,
Scorpion,2024 Monster Manual,Tiny,Beast,Unaligned,Desert,Desert,,None,11,1,0,10,,,,,,-4,-5,0,-1,-1,-4,-4,-5,0,-1,-1,-4,,,,,,,10,,,,9,None,0,10,2,,,1,Melee,2,5,,,4,"Piercing,Poison",,,,,,,,,,,,,,,,,,,,,,,,,,,,,,,,,,,,,,,,,,,,,
Scout,2024 Monster Manual,Medium or Small,Humanoid,Neutral,Any,Any,,"Implements, Individual",13,16,2,30,,,,,,0,0,2,1,1,0,0,0,2,1,1,0,,"Nature,Perception, Stealth, Survival",,,,,,,,,15,Common plus one other language,1/2,100,2,,,2,Melee,4,5,,,5,Piercing,Ranged,4,150/600,150,600,6,Piercing,,,,,,,,,,,,,,,,,,,,,,,,,,,,,,,,,,,,,,
Scout Captain,2024 Monster Manual,Medium or Small,Humanoid,Neutral,Any,Any,,"Implements, Individual",15,66,5,30,,,,,,0,2,3,2,1,0,0,4,5,2,1,0,,"Perception, Stealth, Survival",,,,,,,,,16,Common plus one other language,3,700,2,,,2,Melee,5,5,,,6,Piercing,Ranged,5,150/600,150,600,7,Piercing,,,,,,,,,,,,,,,,,Atk 1 and Atk 2 +10 damage if they have advantage,,,,,,,,,Aim has advantage on the next attack roll,Uncanny Dodge,,,,,,,,,,,
Sea Hag,2024 Monster Manual,Medium,Fey (Hag),Chaotic Evil,"Coastal, Underwater","Coastal, Underwater",,Arcana,14,52,1,30,,,,,40,3,1,1,1,3,1,3,1,1,1,3,1,,,,,,,,60,,,11,"Common, Giant, Primordial (Aquan)",2,450,2,"Amphibious, Coven Magic, Vile Appearance",,1,Melee,5,5,,,10,Slashing,,,,,,,,,,,,,,,,,,,,,,11,Wisdom,"Death Glare recharges on 5-6 on fail and target is frightened and if less than 21 hp drops to 0 otherwise takes 13 psychic damage, Cast disguise self",,,,,,,,,,,,,,,,,,,,,
Seahorse,2024 Monster Manual,Tiny,Beast,Unaligned,Underwater,Underwater,,None,12,1,1,5,,,,,20,-5,-5,1,0,-1,-4,-5,-5,1,0,-1,-4,Perception,Stealth,,,,,,,,,12,None,0,0,2,Water Breathing,,0,Melee,0,0,,,0,NA,,,,,,,,,,,,,,,,,,,,,,,,Dash without provoking opportunity attacks,,,,,,,,,,,,,,,,,,,,,
Sentinel Marshal,Eberrron: Forge of the Artificer,Medium or Small,Humanoid (Human),Neutral,None (NPC),None,NPC,None,16,110,10,30,,,,,,4,0,4,2,1,0,4,0,7,2,4,0,"Athletics, Insight",Perception,,,,,,,,,18,"Common, Plus two other languages",6,"2,300",3,,,3,Melee,7,5,,,13,Slashing,Ranged,7,30/90,30,90,15,Piercing,,,,,,,,,,,,,,,,,Atk 1 on hit target has dis. adv. on next atk,Wisdom,13,,5,,Shield,,,,Cast shield,,,,,,,,,,,
Shadow,"2024 Monster Manual,  Stranger Things: Welcome to the Hellfire Club",Medium,Undead,Chaotic Evil,"Planar (Shadowfell), Underdark, Urban","Planar, Underdark, Urban",Shadowfell,None,12,27,2,40,,,,,,-2,-2,2,0,1,-1,-2,-2,2,0,1,-1,,Stealth,Radiant,"Acid, Cold, Fire, Lightning, Thunder","Exhaustion, Frightened, Grappled, Paralyzed, Petrified, Poisoned, Prone, Restrained, Unconscious","Necrotic, Poison",,60,,,10,None,1/2,100,2,"Amorphous, Sunlight Weakness",,1,Melee,4,5,,,5,Necrotic,,,,,,,,,,,,,,,,,,,,,,,,On a hit -1d4 to strength score if strength is reduced to 0 then dead,,,,,,,,,Shadow Stealth Hide in dim light or darkness,,,,,,,,,,,,
Shadow Demon,2024 Monster Manual,Medium,Fiend (Demon),Chaotic Evil,Planar (Abyss),Planar,Abyss,None,14,66,3,30,,,30,30,,-5,2,3,1,1,2,-5,2,5,1,1,4,,Stealth,Radiant,"Acid, Bludgeoning, Cold, Fire, Lightning, Piercing, Slashing, Thunder","Exhaustion, Grappled, Paralyzed, Petrified, Poisoned, Prone, Restrained","Necrotic, Poison",,120,,,11,"Abyssal, Telepathy",4,"1,100",2,"Demonic Restoration, Incorporeal Movement, Light Sensitivity",,1,Melee,5,5,,,16,Psychic,,,,,,,,,,,,,,,,,,,,,,,,,,,,,,,,,Shadow Stealth can take the hide action in dim light or darkness,,,,,,,,,,,,
Shadow Dragon,2024 Monster Manual,Huge or Large,Dragon (Chromatic),Chaotic Evil,"Planar (Shadowfell), Underdark","Planar, Underdark",Shadowfell,Any,16,189,14,40,,40,80,,,5,2,4,1,4,4,5,2,9,6,4,4,,"Perception, Stealth",,,,,30,120,,,21,"Common, Draconic",13,"10,000",5,"Living Shadow, Sunlight Sensitivity",3,3,Melee,10,10,,,15,"Slashing, Necrotic",,,,,,,,,,,,,,,,,,,,,,17,Dexterity,Shadow Breath recharges 5-6 60ft coone 35 Necrotic if reduces a humanoid to 0 a shadow rises from its corpse,,,,,,,,,Take the hide action in dim light or darkness,,3,,,"Pounce, Hide: and does 10 Necrotic Damage",Yes,"11,500",4,4,,,
Shadow-Marked Agent,Eberrron: Forge of the Artificer,Medium,Humanoid (Elf),Neutral,None (NPC),None,NPC,None,17,132,8,30,,,,,,1,0,5,3,1,3,1,0,8,6,1,3,"Perception, Performance, Sleight of Hand",Stealth,,,,,,,,,16,"Common, Elvish, Thieves' Cant",7,"2,900",3,,,2,Melee,8,5,,,24,"Piercing, Necrotic",Ranged,8,20/60,20,60,24,"Piercing, Necrotic",,,,,,,,,,,,,,,,,,Charisma,14,,6,"Disguise Self, Minor Illusion",,,Pass without Trace,Shadow Cloak becomes invisible,,,,,,,,,,,,
Shadowmoor Giant,Lorwyn: First Light,Huge,Giant,Chaotic Evil,Planar (Feywild),Planar,Feywild,Arcana,14,172,2,40,,,,,,6,-2,2,4,5,-1,6,-2,2,7,8,-1,,,,,,,,120,,,14,Giant,8,"3,900",3,,,3,Melee,9,15,,,17,Bludgeoning,Ranged,9,60/240,60,240,13,Bludgeoning,,,,,,,,,,,,,,,15,Dexterity,"Wild Magic Cataclysm creatures in a 20ft sphere within 120ft on fail 28 damage either acid, fire, lightning, or thunder half on fail",,,,,,,,,,,,,,,,,,,,,
Shambling Mound,2024 Monster Manual,Large,Plant,Unaligned,"Forest, Swamp","Forest, Swamp",,None,15,110,-1,30,,,,,20,4,-3,-1,0,3,-3,4,-3,-1,0,3,-3,Stealth,,,"Cold, Fire","Deafened, Exhaustion",Lightning,60,,,,10,None,5,"1,800",3,Lightning Absorption,,3,Melee,7,10,,,12,"Bludgeoning, Lightning",,,,,,,,,,,,,,,,,,,,,,15,Strength,"Atk 1 on hit pulls 5ft, Engulf within 5ft grappled blinded restrained and 10 lighting damage every round",,,,,,,,,,,,,,,,,,,,,
Shield Guardian,2024 Monster Manual,Large,Construct,Unaligned,Urban,Urban,,None,17,142,-1,30,,,,,,4,-2,-1,0,4,-4,4,-2,-1,0,4,-4,,,,,"Charmed, Exhaustion, Frightened, Paralyzed, Petrified, Poisoned",Poison,10,60,,,10,Understands all,7,"2,900",3,"Bound, Regeneration, Spell Storing",,2,Melee,7,10,,,18,"Bludgeoning, Force",,,,,,,,,,,,,,,,,,,,,,,,,,,,,,,,,,Protection on hit +5 AC,,,,,,,,,,,
Shrieker Fungus,"2024 Monster Manual,  Stranger Things: Welcome to the Hellfire Club",Medium,Plant,Unaligned,Underdark,Underdark,,None,5,13,-5,5,,,,,,-5,-5,-5,-4,0,-5,-5,-5,-5,-4,0,-5,,,,,"Blinded, Charmed, Deafened, Frightened",,30,,,,6,None,0,0,2,,,0,Melee,0,0,,,0,NA,,,,,,,,,,,,,,,,,,,,,,,,,,,,,,,,,,Shriek When there is light it makes a shriek that be heard 300ft away,,,,,,,,,,,
Silver Dragon Wyrmling,2024 Monster Manual,Medium,Dragon (Metallic),Lawful Good,"Mountain, Urban","Mountain, Urban",,Arcana,17,45,2,30,,,60,,,4,1,0,0,3,2,4,1,2,2,3,2,Stealth,Perception,,,,Cold,10,60,,,14,Draconic,2,450,2,,,2,Melee,6,5,,,9,Piercing,,,,,,,,,,,,,,,,,,,,,,13,Constitution,"Cold Breath 15ft coone 18 cold damage, Paralyzing breath 15ft coone on fail incapacitated second fail paralyzed",,,,,,,,,,,,,,,,,,,,,
Sivis Scribe,Eberrron: Forge of the Artificer,Small,Humanoid (Gnome),Neutral,None (NPC),None,NPC,None,15,56,2,30,,,,,,0,3,2,1,0,0,0,3,2,3,0,0,"Arcana, Sleight of Hand",,,,,,,60,,,11,"Common, Gnomish, Plus three other languages",3,700,2,Words of Reason Allies within 10 ft have adv. on saving throws to aviod or end the charmed or frightened condition,,2,Melee,5,5,,,13,Radiant,Ranged,5,60,60,,13,Radiant,,,,,,,,,,,,,,,13,Constitution,,Intelligence,13,,5,"Comprehend Languages, Mage Armor, Message",,,Sending,Word of Stasis 20ft sphere within 60ft on fail the target is incapacitated,,,,,,,,,,,,
Skeleton,2024 Monster Manual,Medium,Undead,Lawful Evil,"Planar (Shadowfell), Underdark, Urban","Planar, Underdark, Urban",Shadowfell,None,13,13,3,30,,,,,,0,-2,3,-1,2,-3,0,-2,3,-1,2,-3,,,Bludgeoning,,"Exhaustion, Poisoned",Poison,,60,,,9,What it knew in a past life,1/4,50,2,,,1,Melee,5,5,,,6,Piercing,Ranged,5,80/320,80,320,6,Piercing,,,,,,,,,,,,,,,,,,,,,,,,,,,,,,,,,,,,,,
Slaad Tadpole,2024 Monster Manual,Tiny,Aberration (Slaad),Chaotic Neutral,Planar (Limbo),Planar,Limbo,Any,12,7,2,30,10,,,,,-2,-4,2,-3,0,-4,-2,-4,2,-3,0,-4,Stealth,,,"Acid, Cold, Fire, Lightning, Thunder",,,,60,,,7,Slaad,1/8,25,2,Magic Resistance,,1,Melee,4,5,,,5,Piercing,,,,,,,,,,,,,,,,,,,,,,,,,,,,,,,,,,,,,,,,,,,,,
Smoke Mephit,2024 Monster Manual,Small,Elemental,Neutral Evil,Planar (Elemental Planes),Planar,Elemental Planes,None,12,13,2,30,,,30,,,-2,0,2,0,1,0,-2,0,2,0,1,0,"Perception, Stealth",,,,"Exhaustion, Poisoned","Fire, Poison",,60,,,12,"Primordial (Auran, Ignan)",1/4,50,2,Death Burst,,1,Melee,4,5,,,4,Slashing,,,,,,,,,,,,,,,,,,,,,,11,"Constitution, Dexterity",Cinder Breath recharges on 6 within 15ft on fail blinded,,,,,,,,,,,,,,,,,,,,,
Solar,2024 Monster Manual,Large,Celestial (Angel),Lawful Good,Planar (Upper Planes),Planar,Upper Planes,Any,21,297,20,50,,,150,150,,8,7,6,7,8,10,8,7,6,7,8,10,Perception,,,,"Charmed, Exhaustion, Frightened, Poisoned","Poison, Radiant",,,120,,24,"All, Telepathy",21,"33,000",7,"Divine Awareness, Exalted Restoration, Magic Resistance",4,2,Melee,15,10,,,58,"Slashing, Radiant",Ranged,15,120,120,,58,"Slashing, Radiant",,,,,,,,,,,,,,,21,Dexterity,Slaying Bow within 600ft if failed and less than 101 hp it dies if not 60 Piercing and Radiant damage,Charisma,25,Charisma,17,Detect Evil and Good,"Cure Wounds (level 2), Lesser Restoration,  Remove Curse",,"Commune, Control Weather, Dispel Evil and Good, Resurrection","Cast Cure Wounds (level 2), Lesser Restoration, or Remove Curse",,3,25,"Constitution, Dexterity","Blinding Gaze: within 120ft and failed blinded, Radiant Teleport: they teleport 60ft and everyone within 10ft takes 11 radiant damage on fail",,,,,,,
Speaker Devil, Astarion's Book of Hungers,Large,Fiend (Devil),Lawful Evil,Planar (Nine Hells),Planar,Nine Hells,Urban,17,189,4,30,,,30,,,5,6,4,4,5,3,5,10,4,8,9,7,"Arcana, History, Perception",,,Cold,Poisoned,"Fire, Poison",,120,,,18,"Infernal, Telepathy",12,"8,400",4,"Diabolic Restoration, Magic Resistance",,2,Melee,9,10,,,30,"Slashing, Thunder",,,,,,,,,,,,,,,,,,,,,,18,"Constitution, Wisdom",,Intelligence,18,Wisdom,10,"Detect Magic, Detect Thoughts",,"Dimension Door, Modify Memory",,"Utterance of Pain within 20ft on fail wis save stunned, Utterance of Unmaking within 20ft on fail con save 22 force damage half a save",,,,,,,,,,,,
Spectator,2024 Monster Manual,Medium,Aberration (Beholder),Lawful Neutral,Underdark,Underdark,,Any,14,45,2,5,,,30,30,,-1,1,2,2,2,0,-1,1,2,2,2,0,,Perception,,,,,,120,,,16,"Deep Speech, Undercommon, Telepathy",3,700,2,,,2,Melee,4,5,,,5,Piercing,,,,,,,,,,,,,,,,,,,,,,12,"Wisdom, Constitution","Eye Rays: 5 psychic damage no reactions or movement and attacks a random person, Paralyzed, 5 psychic damage and frightened, 16 necrotic damage",,,,,,,,,,Reflects missed spells or saved spells 10 force damage,,,,,,,,,,,
Specter,2024 Monster Manual,Medium,Undead,Chaotic Evil,"Underdark, Urban","Underdark, Urban",,None,12,22,2,30,,,50,50,,-5,0,2,0,0,0,-5,0,2,0,0,0,,,,"Acid, Bludgeoning, Cold, Fire, Lightning, Piercing, Slashing,  Thunder","Charmed, Exhaustion, Grappled, Paralyzed, Petrified, Poisoned, Prone, Restrained, Unconscious","Necrotic, Poison",,60,,,10,"Understands Common, Another language",1,200,2,"Incorporeal Movement, Sunlight Sensitivity",,1,Melee,4,5,,,7,Necrotic,,,,,,,,,,,,,,,,,,,,,,,,On hit HP max decreased by damage taken,,,,,,,,,,,,,,,,,,,,,
Sphinx of Lore,2024 Monster Manual,Large,Celestial,Lawful Neutral,"Desert, Plannar (Upper Planes)","Desert, Plannar",Upper Planes,Arcana,17,170,10,40,,,60,,,4,4,2,4,3,4,4,4,2,4,3,4,Perception,"Arcana, History, Religion",,"Necrotic, Radiant","Charmed, Frightened",Psychic,,,120,,18,"Celestia, Common",11,"7,200",4,Inscrutable,3,3,Melee,8,5,,,14,Slashing,,,,,,,,,,,,,,,,,,,,,,16,Wisdom,Mind-Rending Roar recharges on 5-6 each enemy within 300ft on fail 35 psychic and are incapacitated,Intelligence,16,,8,"Detect Magic, Identify, Mage Hand, Minor Illusion, Prestidigitation",,,"Dispel Magic, Legend Lore, Locate Object, Plane Shift, Remove Curse, Tongues",,,3,16,Constitution,"Arcane Prowl: teleport 30ft and atks, Weight: of years within 120ft on fail targets gains 1 exhaustion level",Yes,"8,400",4,4,,,Cast Clairvoyance in 1 mile radius
Sphinx of Secrets,2024 Monster Manual,Large,Celestial,Lawful Neutral,"Desert, Plannar (Upper Planes)","Desert, Plannar",Upper Planes,Arcana,16,136,5,40,,,60,,,4,4,2,4,3,4,4,4,2,4,3,4,"History, Perception, Religion",,,"Necrotic, Radiant","Charmed, Frightened",Psychic,,,120,,17,"Celestia, Common",8,"3,900",3,"Inscrutable, Magic Resistance",,3,Melee,7,5,,,20,"Slashing, Radiant",,,,,,,,,,,,,,,,,,,,,,15,Intelligence,Curse of the Riddle within 60 ft on fail 21 psychic damage and cursed with disadvantage on ability checks and attack rolls and if they take the magic action they must make the save first,Intelligence,15,,7,"Detect Magic, Identify, Prestidigitation",,,"Locate Object, Remove Curse",,,,,,,,,,,,,
Sphinx of Valor,2024 Monster Manual,Large,Celestial,Lawful Neutral,"Desert, Plannar (Upper Planes)","Desert, Plannar",Upper Planes,Arcana,17,199,12,40,,,60,,,6,3,0,6,5,4,6,9,6,12,11,4,"Arcana, Perception",Religion,,"Necrotic, Radiant","Charmed, Frightened",Psychic,,,120,,22,"Celestia, Common",17,"18,000",6,Inscrutable,3,3,Melee,12,5,,,20,Slashing,,,,,,,,,,,,,,,,,,,,,,20,"Wisdom, Constitution","First Roar within 500ft on fail frightened, Second Roar within 500ft on fail Paralyzed, Third Roar within 500ft on fail 44 thunder damage and is prone",Wisdom,20,Charisma,12,"Detect Evil and Good, Thaumaturgy",,,"Detect Magic, Dispel Magic, Greater Restoration, Heroes' Feast, Zone of Truth",,,3,16,Constitution,"Arcane Prowl: teleport 30ft and atks, Weight: of years within 120ft on fail targets gains 1 exhaustion level",Yes,"20,000",4,4,,,Cast Clairvoyance in 1 mile radius
Sphinx of Wonder,2024 Monster Manual,Tiny,Celestial,Lawful Good,"Desert, Plannar (Upper Planes)","Desert, Plannar",Upper Planes,Arcana,12,24,3,20,,,40,,,-2,2,3,1,1,0,-2,2,3,1,1,0,"Arcana, Religion, Stealth",,,"Necrotic, Psychic, Radiant",,,,60,,,11,"Celestial, Common",1,200,2,Magic Resistance,,1,Melee,5,5,,,12,"Slashing, Radiant",,,,,,,,,,,,,,,,,,,,,,,,,,,,,,,,,,"On ability checks and saves, +2 to creatures",,,,,,,,,,,
Spider,2024 Monster Manual,Tiny,Beast,Unaligned,"Desert, Forest, Swamp, Underdark, Urban","Desert, Forest, Swamp, Underdark, Urban",,None,12,1,2,20,,20,,,,-4,-5,2,0,-1,-4,-4,-5,2,0,-1,-4,Stealth,,,,,,,30,,,10,None,0,10,2,"Spider Climb, Web Walker",,1,Melee,4,5,,,3,"Piercing,Poison",,,,,,,,,,,,,,,,,,,,,,,,,,,,,,,,,,,,,,,,,,,,,
Spined Devil,2024 Monster Manual,Small,Fiend (Devil),Lawful Evil,Planar (Nine Hells),Planar,Nine Hells,None,13,45,2,20,,,40,,,0,0,2,2,1,-1,0,0,2,2,1,-1,,,,Cold,Poisoned,"Fire, Poison",,120,,,12,"Infernal, Telepathy",2,450,2,"Flyby, Magic Resistance",,2,Melee,4,5,,,8,"Piercing, Fire",Ranged,4,20/80,20,80,7,"Piercing, Fire",,,,,,,,,,,,,,,,,,,,,,,,,,,,,,,,,,,,,,
Spirit Dragon Wyrmling, Forgotten Realms: Adventures in Faerûn,Medium,Dragon,Neutral,Any,Any,,Any,16,52,3,30,20,,60,,,2,2,1,0,2,2,2,2,3,0,4,2,"Perception, Stealth",,,Necrotic,,,10,60,,,12,"Common, Draconic, telepathy",2,450,2,,,1,Melee,12,,,,,"Slashing, Necrotic",,,,,,,,,,,,,,,,,,,,,,12,"Constitution, Wisdom","Ruinous Breath: 15ft cone con save on fail 13 necrotic damage, TimeWarping Breath: 15ft cone wis save on fail target's speed is 1/2 and can only take a bonus action or an action",,,,,,,,,,,,,,,,,,,,,
Spirit Naga,2024 Monster Manual,Large,Fiend,Chaotic Evil,"Planar (Lower Planes), Underdark","Planar, Underdark",Lower Planes,Arcana,17,135,3,40,,,,,,4,3,3,2,2,3,4,3,6,5,5,6,,,,,"Charmed, Poisoned",Poison,,60,,,12,"Abyssal, Common",8,"3,900",3,Fiendish Restoration,,3,Melee,7,10,,,21,"Piercing, Poison",Ranged,6,60,60,,21,Necrotic,,,,,,,,,,,,,,,,,,Intelligence,14,"Dexterity, Wisdom",6,"Detect Magic, Mage Hand, Minor Illusion, Water Breathing",,"Detect Thoughts, Dimension Door, Hold Person (level 3), Lighting Bolt (Level 4)",,,,,,,,,,,,,,
Spore of Moander, Forgotten Realms: Adventures in Faerûn,Huge,Plant,Chaotic Evil,"Forest, Swamp","Forest, Swamp",,None,19,230,3,30,,30,,,,6,-3,-1,0,5,-2,10,-3,-1,0,9,-2,,,,"Acid, Cold, Lightning","Blinded, Deafened, Exhaustion, Paralyzed, Poisoned, Prone","Fire, Poison",120,,,,10,Understands Abyssal,12,"8,400",4,"Explosive Core, Rolling Mass",,4,Melee,10,20,,,21,"Piercing, Acid",,,,,,,,,,,,,,,,,,,,,,18,Strength,Consume: Large or smaller creature within 5ft on fail grappled blinded and restrained and 17 acid damage,,,,,,,,,,,,,,,,,,,,,
Sprite,2024 Monster Manual,Tiny,Fey,Neutral Good,"Forest, Planar (Feywild)","Forest, Planar",Feywild,Armaments,15,10,4,10,,,40,,,-4,2,4,1,0,0,-4,2,4,1,0,0,Perception,"Acrobatics, Stealth",,,,,,,,,13,"Common, Elvish, Sylvan",1/4,50,2,,,1,Melee,6,5,,,6,Piercing,Ranged,6,40/160,40,160,1,Piercing,,,,,,,,,,,,,,,10,Charisma,"The second attack is a ranged attack that charms creatures, knows creatures emotions and alignment, Invisibility",,,,,,,,,,,,,,,,,,,,,
Spy,2024 Monster Manual,Medium or Small,Humanoid,Neutral,Any,Any,,"Implements, Individual",12,27,4,30,,30,,,,0,1,2,2,0,3,0,1,2,2,0,3,"Deception, Insight, Sleight of Hand","Investigation, Perception, Stealth",,,,,,,,,16,Common plus one other language,1,200,2,,,1,Melee,4,5,,,12,"Piercing, Poison",Ranged,4,30/120,30,120,12,"Piercing, Poison",,,,,,,,,,,,,,,,,,,,,,,,,,Cunning Action,,,,,,,,,,,,
Spy Master,2024 Monster Manual,Medium or Small,Humanoid,Neutral,Any,Any,,"Implements, Individual",19,137,9,30,,30,,,,0,4,5,3,1,3,0,8,9,7,5,3,"Deception, Insight, Investigation, Sleight of Hand","Perception, Stealth",,,,,,,,,21,Common plus two other language,10,"5,900",4,,,3,Melee,9,5,,,21,Poison,Ranged,9,30/120,30,120,21,Poison,,,,,,,,,,,,,,,16,Constitution,Smoke Bomb within 20ft sphere on fail 28 poison damage and blinded,,,,,,,,,Cunning Action,,,,,,,,,,,,
Steam Mephit,2024 Monster Manual,Small,Elemental,Neutral Evil,Planar (Elemental Planes),Planar,Elemental Planes,None,10,17,0,30,,,30,,,-3,0,0,0,0,1,-3,0,0,0,0,1,Stealth,,,,"Exhaustion, Poisoned","Fire, Poison",,60,,,10,"Primordial (Aquan, Ignan)",1/4,50,2,"Blurred Form, Death Burst",,1,Melee,2,5,,,4,"Slashing, Fire",,,,,,,,,,,,,,,,,,,,,,10,"Constitution, Dexterity",Steam Breath recharges on 6 15ft cone on fail 5 fire damage and speed decreases by 10,,,,,,,,,,,,,,,,,,,,,
Steel Defender,Eberrron: Forge of the Artificer,Medium,Construct,Neutral,None,None,,None,12 + player int.,5+ 5* artificer lvl,Same as caster,40,,,,,,2,-3,1,0,2,-2,2,-3,1,0,2,-2,,,,,"Charmed, Exhaustion, Poisoned",Poison,,60,,,10,Understands the languages of the caster,None,0,Same as caster,Steel Bond add caster's PB to checks and saves,,1,Melee,Caster's Spell atk Mod,5,,,6+caster's int.,Force,,,,,,,,,,,,,,,,,,,,,,,,Repair regains hp 2d8 plus caster's int.,,,,,,,,,,Deflect Attack when a creature makes atk opposes dis. adv.,,,,,,,,,,,
Stirge,2024 Monster Manual,Tiny,Monstrosity,Unaligned,"Desert, Forest, Grassland, Hill, Mountain, Swamp, Underdark, Urban","Desert, Forest, Grassland, Hill, Mountain, Swamp, Underdark, Urban",,None,14,5,3,10,,,40,,,-3,-4,3,-1,0,-2,-3,-4,3,-1,0,-2,,,,,,,,60,,,9,None,1/8,25,2,,,1,Melee,5,5,,,6,Piercing,,,,,,,,,,,,,,,,,,,,,,,,Atk 1 on hit they attached and do 5 necrotic damage every round,,,,,,,,,,,,,,,,,,,,,
Stone Giant,2024 Monster Manual,Huge,Giant,Neutral,"Hill, Mountain, Underdark","Hill, Mountain, Underdark",,Armaments,17,126,5,40,,,,,,6,0,2,1,5,-1,6,0,5,4,8,-1,"Perception, Stealth",Athletics,,,,,,60,,,14,Giant,7,"2,900",3,,,2,Melee,9,15,,,22,Bludgeoning,Ranged,9,60/240,60,240,15,Bludgeoning,,,,,,,,,,,,,,,17,Dexterity,,,,,,,,,,,Deflect Missile recharges on 5-6 when hit by a ranged attack reduce the damage by 11 if reduced to 0 redirect the attack to target on fail 11 force damage,,,,,,,,,,,
Stone Golem,2024 Monster Manual,Large,Construct,Unaligned,Any,Any,,None,18,220,3,30,,,,,,6,-4,-1,0,5,-5,6,-4,-1,0,5,-5,,,,,"Charmed, Exhaustion, Frightened, Paralyzed, Petrified, Poisoned","Poison, Psychic",,120,,,10,"Understands Common, Two other language",10,"5,900",4,"Immutable Form, Magic Resistance",,2,Melee,10,5,,,24,"Bludgeoning, Force",,,,,,,,,,,,,,,,,,,,,,17,"Constitution, Wisdom",,,,,,,,,,Slow recharges on 5-6 cast the slow spell,,,,,,,,,,,,
Storm Giant,2024 Monster Manual,Huge,Giant,Chaotic Good,"Coastal, Underwater","Coastal, Underwater",,Armaments,16,230,7,50,,,25,25,50,9,3,2,5,5,4,14,3,2,10,10,9,"Arcanna, History, Perception",Athletics,,Cold,,"Lightning, Thunder",,120,30,,20,"Common, Giant",13,"10,000",5,Amphibious,,2,Melee,14,10,,,36,"Slashing, Lightning",Ranged,14,500,500,,22,Lightning,,,,,,,,,,,,,,,18,Dexterity,"Atk 2 on hit blinded and deafened, Lightning Storm recharges on 5-6 10ft radius and 40ft high cylinder on fail 55 lightning damage",Wisdom,18,,10,"Detect Magic, Light",,,Control Weather,,,,,,,,,,,,,
Succubus,2024 Monster Manual,Medium,Fiend,Neutral Evil,"Planar (Lower Planes), Urban","Planar, Urban",Lower Planes,Implements,15,71,3,30,,,60,,,-1,2,3,1,1,5,-1,2,3,1,1,5,,"Deception, Insight, Perception, Persuasion, Stealth",,"Cold, Fire, Poison, Psychic",,,,60,,,15,"Abyssal, Common, Infernal, Telepathy",4,"1,100",2,Incubus Form,,2,Melee,7,5,,,16,Psychic,,,,,,,,,,,,,,,,,,,,,,15,Constitution,Draining Kiss a charmed target within 5ft on fail 13 psychic damage,Charisma,15,Wisdom,7,Dominate Person (level 8),,,,Shape-Shift,,,,,,,,,,,,
Swanmay, Forgotten Realms: Adventures in Faerûn,Medium,Fey,Neutral Good,Forest,Forest,,Individual,14,71,4,30,,,40,,,0,0,4,3,2,2,0,0,4,5,4,2,Perception,Nature,,,,,,,,,15,"Common, Sylvan",14,700,2,Flyby,,2,Melee,6,5,,,7,Piercing,Melee,6,5,,,11,Slashing,Ranged,6,150/600,150,600,13,Piercing,,,,,,,,13,Wisdom,"Atk 1 in swan form, Atk 2 and atk 3 in human form",Wisdom,13,,5,"Druidcraft, Speak with Animals (swan form only)",,,"Animal Friendship, Beast Sense, Spike Growth",Shape-Shift: change between swan or human forms,,,,,,,,,,,,
Swarm of Bats,2024 Monster Manual,Large,Beast,Unaligned,"Forest, Mountain, Underdark, Urban","Forest, Mountain, Underdark, Urban",,None,12,11,2,5,,,30,,,-3,-4,2,1,0,-3,-3,-4,2,1,0,-3,,,,"Bludgeoning, Piercing, Slashing","Charmed, Frightened, Grappled, Paralyzed, Petrified, Prone, Restrained, Stunned",,60,,,,11,None,1/4,50,2,Swarm,,1,Melee,4,5,,,5,Piercing,,,,,,,,,,,,,,,,,,,,,,,,Deals 2 damage if bloodied,,,,,,,,,,,,,,,,,,,,,
Swarm of Corrupted Rats, Stranger Things: Welcome to the Hellfire Club,Medium,Monstrosities,Unaligned,None,None,,None,12,27,2,30,,30,,,,-1,-4,2,0,0,-3,-1,-4,4,0,0,-3,,,,"Bludgeoning, Piercing, and Slashing"," Charmed, Frightened, Grappled, Paralyzed, Petrified, Prone, Restrained, Stunned",,,30,,,10,None,1,0,2,"Death Burst, Swarm",,1,Melee,4,5,,,6,Piercing,,,,,,,,,,,,,,,,,,,,,,10,Constitution,Atk 1 becomes 4 when bloodied,,,,,,,,,,,,,,,,,,,,,
Swarm of Crawling Claws,2024 Monster Manual,Medium,Undead,Neutral Evil,Any,Any,,None,12,49,2,30,,30,,,,2,-3,2,0,0,-3,2,-3,2,0,0,-3,,,,"Bludgeoning, Piercing, Slashing","Charmed, Exhaustion, Frightened, Grappled, Incapacitated, Paralyzed, Petrified, Poisoned, Prone, Restrained, Stunned","Necrotic, Poison",30,,,,10,Understands Common,3,700,2,Swarm,,1,Melee,4,5,,,20,Necrotic,,,,,,,,,,,,,,,,,,,,,,,,11 damage if bloodied,,,,,,,,,,,,,,,,,,,,,
Swarm of Dretches,2024 Monster Manual,Large,Fiend (Demon),Chaotic Evil,Planar (Abyss),Planar,Abyss,None,12,45,0,40,,,,,,2,-3,0,-1,2,-4,2,-3,0,-1,2,-4,,,,"Bludgeoning, Cold, Fire, Lightning, Piercing, Slashing","Charmed, Frightened, Grappled, Paralyzed, Petrified, Poisoned, Prone, Restrained, Stunned",Poison,,60,,,9,"Abyssal, Telepathy",4,"1,100",2,"Fetid Aura, Swarm",,2,Melee,4,5,,,12,Slashing,,,,,,,,,,,,,,,,,,,,,,,,Does 2 less damaged if bloodied,,,,,,,,,,,,,,,,,,,,,
Swarm of Insects,2024 Monster Manual,Medium,Beast,Unaligned,"Desert, Forest, Grassland, Hill, Swamp, Underdark, Urban","Desert, Forest, Grassland, Hill, Swamp, Underdark, Urban",,None,11,19,1,20,,20,20,,,-4,-5,1,-2,2,-5,-4,-5,1,-2,2,-5,,,,"Bludgeoning, Piercing, Slashing","Charmed, Frightened, Grappled, Paralyzed, Petrified, Prone, Restrained, Stunned",,30,,,,8,None,1/2,100,2,"Spider Climb, Swarm",,1,Melee,3,5,,,6,Poison,,,,,,,,,,,,,,,,,,,,,,,,Deals 3 damage if bloodied,,,,,,,,,,,,,,,,,,,,,
Swarm of Larvae,2024 Monster Manual,Large,Fiend,Neutral Evil,Planar (Lower Planes),Planar,Lower Planes,None,13,22,0,30,,,,,,2,-2,0,1,2,-4,2,-2,0,1,2,-4,,,,"Bludgeoning, Piercing, Slashing","Charmed, Frightened, Grappled, Paralyzed, Petrified, Prone, Restrained, Stunned",,,60,,,11,Understands all,1,200,2,Swarm,,1,Melee,4,5,,,9,Necrotic,,,,,,,,,,,,,,,,,,,,,,,,Does 2 less damaged if bloodied,,,,,,,,,,,,,,,,,,,,,
Swarm of Lemures,2024 Monster Manual,Large,Fiend (Devil),Lawful Evil,Planar (Nine Hells),Planar,Nine Hells,None,12,45,-2,40,,,,,,2,-5,-2,1,2,-4,2,-5,-2,1,2,-4,,,,"Bludgeoning, Cold, Piercing, Slashing","Charmed, Frightened, Grappled, Paralyzed, Petrified, Poisoned, Prone, Restrained, Stunned","Fire, Poison",,120,,,11,Understands Infernal,3,700,2,"Hellish Restoration, Swarm",,2,Melee,4,5,,,11,Poison,,,,,,,,,,,,,,,,,,,,,,,,Does 2 less damaged if bloodied,,,,,,,,,,,,,,,,,,,,,
Swarm of Piranhas,2024 Monster Manual,Medium,Beast,Unaligned,Underwater,Underwater,,None,13,28,3,5,,,,,40,1,-5,3,-2,-1,-4,1,-5,3,-2,-1,-4,,,,"Bludgeoning, Piercing, Slashing","Charmed, Frightened, Grappled, Paralyzed, Petrified, Prone, Restrained, Stunned",,,60,,,8,None,1,200,2,"Swarm, Water Breathing",,1,Melee,5,5,,,8,Piercing,,,,,,,,,,,,,,,,,,,,,,,,"Akt. has adv. if the target is already hurt, Deals 5 damage if bloodied",,,,,,,,,,,,,,,,,,,,,
Swarm of Rats,2024 Monster Manual,Medium,Beast,Unaligned,"Forest, Swamp, Underdark, Urban","Forest, Swamp, Underdark, Urban",,None,10,14,0,30,,30,,,,-1,-4,0,0,-1,-4,-1,-4,2,0,-1,-4,,,,"Bludgeoning, Piercing, Slashing","Charmed, Frightened, Grappled, Paralyzed, Petrified, Prone, Restrained, Stunned",,,30,,,10,None,1/4,50,2,Swarm,,1,Melee,2,5,,,5,Piercing,,,,,,,,,,,,,,,,,,,,,,,,Deals 2 damage if bloodied,,,,,,,,,,,,,,,,,,,,,
Swarm of Ravens,2024 Monster Manual,Medium,Beast,Unaligned,"Hill, Swamp, Urban","Hill, Swamp, Urban",,None,12,11,2,10,,,50,,,-2,-3,2,1,1,-2,-2,-3,2,1,1,-2,,Perception,,"Bludgeoning, Piercing, Slashing","Charmed, Frightened, Grappled, Paralyzed, Petrified, Prone, Restrained, Stunned",,,,,,15,None,1/4,50,2,Swarm,,1,Melee,4,5,,,5,Piercing,,,,,,,,,,,,,,,,,,,,,,10,Wisdom,"Deals 2 damage if bloodied,Wis. Save or be deafened recharges on a 6.",,,,,,,,,,,,,,,,,,,,,
Swarm of Stirges,2024 Monster Manual,Medium,Monstrosity,Unaligned,"Desert, Forest, Grassland, Hill, Mountain, Swamp, Underdark, Urban","Desert, Forest, Grassland, Hill, Mountain, Swamp, Underdark, Urban",,None,14,36,3,10,,,40,,,-3,-4,3,-1,0,-2,-3,-4,3,-1,0,-2,,,,"Bludgeoning, Piercing, Slashing","Charmed, Frightened, Grappled, Paralyzed, Petrified, Prone, Restrained, Stunned",,,60,,,9,None,2,450,2,Swarm,,1,Melee,5,5,,,14,Piercing,,,,,,,,,,,,,,,,,,,,,,,,Atk 1 if they are bloodied 8 damage and grappled and 7 necrotic damage every round,,,,,,,,,,,,,,,,,,,,,
Swarm of Venomous Snakes,2024 Monster Manual,Medium,Beast,Unaligned,"Coastal, Desert, Forest, Grassland, Hill, Swamp","Coastal, Desert, Forest, Grassland, Hill, Swamp",,None,14,36,4,30,,,,,30,-1,-5,4,0,0,-4,-1,-5,4,0,0,-4,,Acrobatics,,"Bludgeoning, Piercing, Slashing","Charmed, Frightened, Grappled, Paralyzed, Petrified, Prone, Restrained, Stunned",,10,,,,10,None,2,450,2,Swarm,,1,Melee,6,5,,,8,Piercing,,,,,,,,,,,,,,,,,,,,,,,,Deals 2 damage if bloodied,,,,,,,,,,,,,,,,,,,,,
Tarkanan Marauder,Eberrron: Forge of the Artificer,Medium and Small,Humanoid,Chaotic Evil,None (NPC),None,NPC,None,16,247,7,30,,,,,,2,3,3,2,5,1,2,3,7,6,9,1,"Deception, Perception, Stealth",,,,,,,,,,16,"Common, Thieves' Cant",11,"7,200",4,Evasion,,3,Melee,7,5,,,13,Piercing,,,,,,,,,,,,,,,,,,,,,,17,Constitution,Atk 1 if have adv. plus 21 force damage,Constitution,17,Dexterity,9,Message,,,Disintergrate,Tear through Space teleports each creature within 5ft makes con. save on fail blinded,,,,,,,,,,,,
Tarkanan Ruffian,Eberrron: Forge of the Artificer,Medium and Small,Humanoid,Chaotic Evil,None (NPC),None,NPC,None,13,32,1,40,,,,,,2,0,1,0,2,1,2,0,3,0,4,1,"Intimidation, Perception",,,,,,,,,,12,"Common, Thieves' Cant",1,200,2,Aberrant Surge when cast witch bolt roll a d8 on even gains temp hp on odd does damage to a target in 30ft,,1,Melee,4,5,,,6,Piercing,Ranged,4,20/60,20,60,6,Piercing,,,,,,,,,,,,,,,,,,Constitution,12,,4,,,,,,,,,,,,,,,,,
Tarrasque,2024 Monster Manual,Gargantuan,Monstrosity (Titan),Unaligned,Urban,Urban,,None,25,697,18,60,40,60,,,,10,-4,0,0,10,0,10,5,9,9,10,9,Perception,,,"Bludgeoning, Piercing, Slashing","Charmed, Deafened,  Frightened, Paralyzed, Poisoned","Fire, Poison",120,,,,19,None,30,"155,000",9,Swallow target is grapplied on fail swallowed blinded and restrained total cover 17 acid damage every round,6,4,Melee,18,15,,,36,Piercing,Melee,19,15,,,28,Slashing,Melee,19,30,,,23,Bludgeoning,,,,,,,,27,"Constitution, Strength","Atk 1 on hit grappled and restrained, Atk 2 on hit prone, Thunderous Bellow recharges on 5-6 150ft cone on fail 78 thunder damage deafened and frightened",,,,,,,,,Swallow target is graplied on fail swallowed blinded and restrained total cover 56 acid damage every round,,3,,,"Onslaught: they move up to 1/2 their movement and attack, World-shaking: movement moves up to 1/2 its speed then within 60ft lose concentration and prone",,,,,,,
Terran Magen," Netheril’s Fall: Tales of Terror, Treasure, and Time Travel",Medium,Construct,Unaligned,Any,Any,,Arcana,21,121,3,30,,,,20,,3,0,0,4,1,0,3,0,0,7,1,0,Perception,,,,"Blinded, Charmed, Deafened, Exhaustion, Frightened, Paralyzed, Petrified, Poisoned","Poison, Thunder",,,,,17,"Understands Common, plus two other language",8,"3,900",3,"Disintegration, Magic Resistance",,2,Melee,6,5,,,29,"Bludgeoning, Force",Ranged,7,60,60,,28,Thunder,,,,,,,,,,,,,,,,,,Wisdom,15,Dexterity,7,"Mage Hand, Mending, Prestidigitation",,,"Disintegrate, Move Earth, Stone Shape",,,,,,,,,,,,,
Tharashk Hunter,Eberrron: Forge of the Artificer,Medium and Small,Humanoid (Human or Orc),Neutral,None (NPC),None,NPC,None,16,97,4,40,,,,,,1,0,4,3,2,0,1,0,4,3,2,0,"Perception, Stealth, Survival",,,,,,,60,,,16,"Common, Orc, plus one other language",6,"2,300",3,,,3,Melee,7,5,,,11,Piercing,Ranged,7,150/600,150,600,17,Piercing,,,,,,,,,,,,,,,,,"Atk 1 on his target has dis adv on atks and checks, Atk2 speed reduced by 10",,,,,,,,,Mark of Tharashk mark a target within 150ft for 1 hour the adv on atks against target and cannot benefit from invisible,Uncanny Dodge,,,,,,,,,,,
Thri-kreen Marauder,2024 Monster Manual,Medium,Monstrosity,Neutral,"Desert, Grassland","Desert, Grassland",,Armaments,15,33,2,30,,,,,,1,-2,3,1,1,-2,1,-2,3,1,1,-2,"Perception, Stealth, Survival",,,,,,,60,,,13,"Thri-kreen, telepathy",1,200,2,,,2,Melee,3,5,,,7,"Slashing, Poison",Ranged,4,30/120,30,120,5,Slashing,,,,,,,,,,,,,,,,,,,,,,,,,,Leap jump 15ft spending 5ft of movement,,,,,,,,,,,,
Thri-kreen Psion,2024 Monster Manual,Medium,Monstrosity,Neutral,"Desert, Grassland","Desert, Grassland",,Armaments,16,149,6,40,,,20,20,,4,4,2,1,2,0,4,4,2,1,2,0,Perception,Stealth,,Psychic,,,,60,,,14,"Thri-kreen, telepathy",8,"3,900",3,,,3,Melee,7,10,,,18,Psychic,Ranged,7,120,120,,18,Psychic,,,,,,,,,,,,,,,,,,Intelligence,15,"Wisdom, Intelligence",7,Mage Hand,,,"Detect Thoughts, Sending, Synaptic Static",,,,,,,,,,,,,
Tiger,2024 Monster Manual,Large,Beast,Unaligned,"Forest, Grassland","Forest, Grassland",,None,13,22,3,40,,,,,,3,-4,3,1,2,-1,3,-4,3,1,2,-1,Perception,Stealth,,,,,,60,,,13,None,1,200,2,,,2,Melee,5,5,,,6,Slashing,,,,,,,,,,,,,,,,,,,,,,,,"If it has adv. on the Akt +3 to damage and gives prone condition, move up to half its speed that can hide",,,,,,,,,,,,,,,,,,,,,
Tough,2024 Monster Manual,Medium or Small,Humanoid,Neutral,Any,Any,,Armaments,12,32,1,30,,,,,,2,0,1,0,2,0,2,0,1,0,2,0,,,,,,,,,,,10,Common,1/2,100,2,Pack Tactics,,1,Melee,4,5,,,5,Bludgeoning,Ranged,3,100/400,100,400,6,Piercing,,,,,,,,,,,,,,,,,,,,,,,,,,,,,,,,,,,,,,
Tough Boss,2024 Monster Manual,Medium or Small,Humanoid,Neutral,Any,Any,,Armaments,16,82,2,30,,,,,,3,0,2,0,3,0,5,0,2,0,5,2,,,,,,,,,,,10,Common plus one other language,4,"1,100",2,Pack Tactics,,2,Melee,5,5,,,12,Bludgeoning,Ranged,4,100/400,100,400,13,Piercing,,,,,,,,,,,,,,,,,Atk 1 on hit pushed 10ft,,,,,,,,,,,,,,,,,,,,,
Treant,2024 Monster Manual,Huge,Plant,Chaotic Good,Forest,Forest,,None,16,138,3,30,,,,,,6,1,-2,3,5,1,6,1,-2,3,5,1,,,Fire,"Bludgeoning, Piercing",,,,,,,13,"Common, Druidic, Elvish, Sylvan",9,"5,000",4,Siege Monster,,2,Melee,10,5,,,16,Bludgeoning,Ranged,10,180,180,,28,Piercing,,,,,,,,,,,,,,,,,Animate trees 1/day makes 2 Treants,,,,,,,,,,,,,,,,,,,,,
Tree Blight,2024 Monster Manual,Huge,Plant,Neutral Evil,Forest,Forest,,None,15,115,3,30,,,,,,6,-2,0,0,5,-4,6,-2,0,0,5,-4,,,,,Deafened,,60,,,,10,"Understands Common, Druidic",7,"2,900",3,,,3,Melee,9,15,,,16,Bludgeoning,,,,,,,,,,,,,,,,,,,,,,17,"Strength, Dexterity",Grasping Root within 15ft on fail pulled 10ft grappled and takes 13 bludgeoning damage every round,,,,,,,,,Gnash a grappled creature on fail 19 piercing damage,,,,,,,,,,,,
Triceratops,2024 Monster Manual,Huge,Beast (Dinosaur),Unaligned,Grassland,Grassland,,None,14,114,-1,50,,,,,,6,-4,-1,0,3,-3,6,-4,-1,0,3,-3,,,,,,,,,,,10,None,5,"1,800",3,,,2,Melee,9,5,,,19,Piercing,,,,,,,,,,,,,,,,,,,,,,,,Charge attack +9 to damage and gives pron condition,,,,,,,,,,,,,,,,,,,,,
Troglodyte,2024 Monster Manual,Medium,Monstrosity,Chaotic Evil,Underdark,Underdark,,Armaments,11,13,0,30,,30,,,,2,-2,0,0,2,-2,2,-2,0,0,2,-2,,Stealth,,,,,,60,,,10,Troglodyte,1/4,50,2,"Stench, Sunlight Sensitivity",,1,Melee,4,5,,,5,Slashing,,,,,,,,,,,,,,,,,,,,,,12,Constitution,,,,,,,,,,,,,,,,,,,,,,
Troll,2024 Monster Manual,Large,Giant,Chaotic Evil,"Arctic, Forest, Hill, Mountain, Swamp, Underdark","Arctic, Forest, Hill, Mountain, Swamp, Underdark",,None,15,94,1,30,,,,,,4,-2,1,-1,5,-2,4,-2,1,-1,5,-2,Perception,,,,,,,60,,,15,Giant,5,"1,800",3,"Loathsome Limbs, Regeneration",,3,Melee,7,10,,,11,Slashing,,,,,,,,,,,,,,,,,,,,,,,,,,,,,,,,,Charge moves up to 1/2 its move speed,,,,,,,,,,,,
Troll Limb,2024 Monster Manual,Small,Giant,Chaotic Evil,"Arctic, Forest, Hill, Mountain, Swamp, Underdark","Arctic, Forest, Hill, Mountain, Swamp, Underdark",,None,14,20,1,20,,,,,,4,-5,1,-1,0,-5,4,-5,1,-1,0,-5,,,,,,,,60,,,9,None,1/2,100,2,"Regeneration, Troll Spawn",,1,Melee,6,5,,,9,Slashing,,,,,,,,,,,,,,,,,,,,,,,,,,,,,,,,,,,,,,,,,,,,,
Twig Blight,2024 Monster Manual,Small,Plant,Neutral Evil,Forest,Forest,,None,14,7,2,20,,,,,,-2,-3,2,-1,0,-4,-2,-3,2,-1,0,-4,Stealth,,Fire,,Deafened,,60,,,,9,Understands Common,1/8,25,2,Pack Tactics,,1,Melee,4,5,,,4,Slashing,,,,,,,,,,,,,,,,,,,,,,,,,,,,,,,,,,,,,,,,,,,,,
Tyrannosaurus Rex,2024 Monster Manual,Huge,Beast (Dinosaur),Unaligned,Grassland,Grassland,,None,13,136,3,50,,,,,,7,-4,0,1,4,-1,10,-4,0,4,4,-1,"Perception, Survival",,,,,,,,,,14,None,8,"3,900",3,,,2,Melee,10,10,,,33,Piercing,Melee,10,15,,,25,Bludgeoning,,,,,,,,,,,,,,,,,"Akt 1 grapples and restrained, Akt 2 prones",,,,,,,,,,,,,,,,,,,,,
Ultroloth,2024 Monster Manual,Medium,Fiend (Yugoloth),Neutral Evil,Planar (Lower Planes),Planar,Lower Planes,Armaments,19,221,8,30,,,60,60,,4,4,3,2,4,4,4,4,3,2,4,4,"Deception, Perception, Stealth",,,"Cold, Fire, Lightning","Charmed, Frightened, Poisoned","Acid, Poison",,,120,,17,"Abyssal, Infernal, Telepathy",13,"10,000",5,"Fiendish Restoration, Magic Resistance",,3,Melee,9,15,,,25,Force,,,,,,,,,,,,,,,,,,,,,,17,Wisdom,"Akt 1 teleport 10ft on hit, Hypnotic Gaze 30ft coone on fail 10 psychic damage and stunned",Intelligence,17,"Dexterity, Wisdom",9,"Alter Self, Clairvoyance, Detect Magic",,,"Dimension Door, Fireball (Level 5), Wall of Fire","Fiendish Guile recharges on 4-6 dispel magic, invisibility (self), Misty step or Suggestion",,,,,,,,,,,,
Umber Hulk,2024 Monster Manual,Large,Monstrosity,Chaotic Evil,Underdark,Underdark,,None,18,93,4,30,20,,,,,5,-1,1,0,3,0,5,-1,1,0,3,0,,,,,,,,120,,60,10,Umber Hulk,5,"1,800",3,Tunneler,,3,Melee,8,10,,,12,Slashing,,,,,,,,,,,,,,,,,,,,,,14,Wisdom,,,,,,,,,,Confusing Gaze 30ft cone on fail cannot take reactions and does a random thing for its turn,,,,,,,,,,,,
Umbragen Shadow Walker,Eberrron: Forge of the Artificer,Medium,Humanoid (Elf),Neutral,None (NPC),None,NPC,None,14,162,4,30,,,,,,1,1,4,2,2,5,1,1,8,6,2,5,"Arcana, Perception, Stealth",,Radiant,,,,,120,,,16,"Common, Elvish, Undercommon",9,"5,000",4,"Fey Ancestry, Sunlight Sensitivity",,3,Melee,9,5,,,14,Psychic,Ranged,9,120,120,,14,Psychic,,,,,,,,,,,,,,,17,Wisdom,Shadow Cowl a target within 120ft on fail 14 necrotic damage and blinded,Charisma,17,,9,"Dancing Lights, Markness, Minor Illusion",,,,Draining Teleport in dim light or darkness teleport 60ft each creature within 5ft on fail takes 9 Necrotic Damage,,,,,,,,,,,,
Unicorn,2024 Monster Manual,Large,Celestial,Lawful Good,"Forest, Planar (Feywild)","Forest, Planar",Feywild,Any,12,97,8,50,,,,,,4,0,2,3,2,3,4,0,2,3,2,3,,,,,"Charmed, Paralyzed, Poisoned",Poison,,60,,,13,"Celestial, Elvish, Sylvan, Telepathy",5,"1,800",3,Magic Resistance,3,2,Melee,7,5,,,11,Bludgeoning,Melee,7,5,,,9,Radiant,,,,,,,,,,,,,,,,,,Charisma,14,"Charisma, Strength",6,"Detect Evil and Good, Druidcraft","Cure Wounds, Lesser Restoration",,"Calm Emotions, Dispel Evil and Good, Entangle, Pass without Trace, Word of Recall",Cast Cure Wounds or Lesser Restoration,,3,,,"Charging Horn: move 1/2 is move and Akt, Shimmering Shield: a target within 60ft gets 10 temp hp and +2 to AC",Yes,,,,,,
Vadalis Heir,Eberrron: Forge of the Artificer,Medium and Small,Humanoid (Human),Neutral,None (NPC),None,NPC,None,14,52,3,30,,,,,,1,0,3,3,2,1,1,0,5,5,4,1,Stealth,"Animal Handling, Nature",,,,,,,,,13,"Common, Sylvan",4,"1,100",2,Pack Tactics,,4,Melee,5,5,,,9,"Slashing, Poison",Ranged,5,60,60,,9,Radiant,,,,,,,,,,,,,,,,,Atk 2 on hit target cannot benefit from being invisible,Wisdom,13,Dexterity,5,"Druidcraft, Light, Speak with Animals","Animal Friendship, Animal Messenger",,Ice Storm,Spur Beast target within 30ft move half speed and make a melee atk,,,,,,,,,,,,
Valindra Shadowmantle, Forgotten Realms: Adventures in Faerûn,Medium,Undead (Wizard),Neutral Evil,None (NPC),None,NPC,None (NPC),20,315,17,30,,,,,,0,5,3,2,3,3,0,12,10,9,10,3,"Arcana, History, Insight, Perception",,,"Cold, Lightning","Charmed, Exhaustion, Frightened, Paralyzed, Poisoned","Necrotic, Poison",,,120,,19,All,21,"33,000",7,Spirit Gem,4,3,Melee,12,5,,,31,Force,Ranged,12,120,120,,31,Force,Melee,12,5,,,14,Cold,,,,,,,,20,Dexterity,"On Atk 2 paralyzed on hit, Deathly Grasp: creatures within 30ft first fail 39 force and restrained continued failures 39 necrotic and gains 20 temp hp",Intelligence,20,"Dexterity, Constitution, Wisdom",12,"Counterspell, Detect Magic, Detect Thoughts, Disguise Self, Dispel Magic, Fly, Invisibility, Lightning Bolt (level 5 version), Mage Hand, Prestidigitation, Shield",,"Animate Dead, Plane Shift","Cone of Cold (level 8 version), Finger of Death, Power Word Kill, Scrying",Illusory Disguise: Cast disguise self,Protective Magic: Cast counterspell or shield,3,20,"Constitution, Wisdom","Disrupt Life: con save all non-undead within 20ft on fail 21 necrotic damage, Eldritch Jaunt: Atk and teleport 20ft, Life-Rending Gaze: wis save one creature within 30ft on fail 22 necrotic damage and frightened ",Yes,"41,000",5,4,,,"All-Seeing: Cast clairvoyance without components, Apathy: Creatures within a mile non-undead have disadvantage on death saving throws, Thirst for Knowledge: within a mile creatures have advantage on intelligence checks"
Vampire,2024 Monster Manual,Medium or Small,Undead,Lawful Evil,"Underdark, Urban","Underdark, Urban",,Any,16,195,14,40,,40,,,,4,3,4,2,4,4,4,3,9,7,9,9,"Perception, Stealth",,,Necrotic,,,,120,,,17,Common plus two other languages,13,"10,000",5,"Misty Escape, Spider Climb, Vampire Weakness: Forbiddance, Running Water, Stake of the Heart, Sunlight",3,3,Melee,9,5,,,15,"Bludgeoning, Necrotic",,,,,,,,,,,,,,,,,,,,,,17,"Constitution, Wisdom","Akt 1 on hit target grappled, Bite within 5ft that is grappled, incapacitated or restrained on fail 19 piercing, necrotic regains the HP and target reduced 0 HP comes back as a vampire",,,,,,,,,"Charm recharges 5-6 cast Charm Person, Shape-Shift",,3,,,"Beguile: cast command, Deathless Strike: move up to 1/2 speed and attack",Yes,"11,500",4,4,15,Wisdom,On fail do not get the benefits of a short rest
Vampire Familiar,2024 Monster Manual,Medium or Small,Humanoid,Neutral Evil,"Underdark, Urban","Underdark, Urban",,Any,15,65,5,30,,30,,,,3,0,3,0,2,2,3,0,5,2,2,2,Persuasion,"Perception, Stealth",,Necrotic,Charmed,,,60,,,14,Common plus one other language,3,700,2,Vampiric Connection,,2,Melee,5,5,,,12,"Piercing, Necrotic",Ranged,5,20/60,20,60,12,"Piercing, Necrotic",,,,,,,,,,,,,,,,,Atk 1 and Atk 2 if target is reduced to 0 hp becomes stable but poisoned and paralyzed,,,,,,,,,Deathless Agility take the dash or Disengage action,,,,,,,,,,,,
Vampire Infernalist, Astarion's Book of Hungers,Medium or Small,Undead (Wizard),Lawful Evil,"Planar (Nine Hells), Underdark, Urban","Planar, Underdark, Urban",Nine Hells,Arcana,16,172,13,40,,,,40,,4,5,3,3,3,4,4,10,3,3,8,4,"Arcana, Perception, Religion, Stealth",,,"Fire, Necrotic, Posion",Poisoned,,,120,,,18,"Common, Infernal",14,"11,500",5,"Misty Escape, Vampire Weakness, Forbiddance, Running Water, Stake to the Heart, Sunlight",3,3,Melee,9,5,,,23,"Slashing, Fire",,,,,,,,,,,,,,,,,,,,,,18,Constitution,"Atk 1 on hit grabbled, Bite one creature within 5ft on fail 22 piercing and necrotic and losses highest level spell slot",Intelligence,18,"Dexterity, Wisdom",10,"Detect Magic, Detect Thoughts, Dispel Magic, Fireball, Mage Hand, Prestidigitation",,Scrying,Wall of Fire,Shape-Shift,,3,17,Charisma,"Hellfire Strike move 1/2 and atk 1, Infernal Majesty within 20ft 9 psychic damage frightened, Teleport",Yes,"13,000",4,4,15,Wisdom,"Diabolic Beasts animals are chamred within 1 mile, Drained Essence on fail dosen't regain hp on a rest within 1 mile, Tenacious Lore flame does not burn written material"
Vampire Nightbringer,2024 Monster Manual,Medium or Small,Undead,Neutral Evil,"Underdark, Urban","Underdark, Urban",,Any,16,142,4,30,,,30,30,,3,1,4,2,3,2,3,1,7,5,3,2,"Perception, Stealth",,,,"Charmed, Exhaustion, Frightened","Necrotic, Cold",,120,,,15,Common plus one other language,8,"3,900",3,Sunlight Hypersensitivity,,2,Melee,7,5,,,17,"Piercing, Necrotic",Melee,7,5,,,21,"Slashing, Cold",,,,,,,,,,,,,,,,,Akt 1 on hit HP max reduced by the damage taken and vampire regains HP,,,,,,,,,Shadow Stealth Hide in dim light or Darkness,,,,,,,,,,,,
Vampire Spawn,2024 Monster Manual,Medium or Small,Undead,Neutral Evil,"Underdark, Urban","Underdark, Urban",,Any,16,90,3,30,,,,,,3,0,3,0,3,1,3,0,6,3,3,1,"Perception, Stealth",,,Necrotic,,,,60,,,13,Common plus one other language,5,"1,800",3,"Spider Climb, Vampire Weakness: Forbiddance, Running Water, Stake of the Heart, Sunlight",,3,Melee,6,5,,,8,Slashing,,,,,,,,,,,,,,,,,,,,,,14,Constitution,"Akt 1 on hit target grappled, Bite within 5ft that is grappled, incapacitated or restrained on fail 19 piercing, necrotic regains the HP",,,,,,,,,Deathless Agility dash or disengage,,,,,,,,,,,,
Vampire Umbral Lord,2024 Monster Manual,Medium or Small,Undead,Lawful Evil,"Underdark, Urban","Underdark, Urban",,Any,16,187,14,40,,40,40,40,,5,4,4,3,4,5,10,4,9,8,4,10,"Arcana, Stealth",Perception,,,"Charmed, Exhaustion","Cold, Necrotic",120,,,,23,Common plus three other languages,15,"13,000",5,"Shadow Escape, Vampire Weakness: Forbiddance, Running Water, Stake of the Heart, Sunlight",3,2,Melee,10,5,,,22,"Slashing, Necrotic",Ranged,10,120,120,,16,Necrotic,,,,,,,,,,,,,,,18,Constitution,"Akt 2 on hit poisoned, Hunger of Hadar recharges on 5-6 cast Hunger of Hadar",,,"Dexterity, Wisdom",,,,,,Sanguine Drain within 30ft on fail 14 Necrotic and HP max reduces by the amount taken and vampire heals that much,,3,,,"Beguile: cast command, Umbral Strike: move 1/2 and attack",Yes,"15,000",4,4,15,Wisdom,On fail do not get the benefits of a short rest
Vampire Warden, Astarion's Book of Hungers,Medium,Undead,Neutral Evil,"Underdark, Urban","Underdark, Urban",,Any,18,190,6,30,,,,,,5,0,2,2,4,3,5,0,2,6,8,3,Athletics,Perception,,Necrotic,"Exhaustion, Frightened",,,120,,,20,Common,4,"5,900",4,"Magic Resistance, Vampire Weakness, Forbiddance, Running Water, Stake to the Heart, Sunlight, Immobile Restoration",,3,Melee,9,5,,,21,"Slashin, Necrotic",,,,,,,,,,,,,,,,,,,,,,16,Constitution,"Atk 1 on hit grabbled, Bite one creature within 5ft on fail 14 piercing and necrotic, Guardian's Command cast compulsion",Charisma,15,Wisdom,7,Compulsion,,,,,Resillent Flesh when hit reduce damage by 11,,,,,,,,,,,
Venomous Snake,2024 Monster Manual,Tiny,Beast,Unaligned,"Coastal, Desert, Forest, Grassland, Hill, Swamp","Coastal, Desert, Forest, Grassland, Hill, Swamp",,None,12,5,2,30,,,,,30,-4,-5,2,0,0,-4,-4,-5,2,0,0,-4,,,,,,,10,,,,10,None,1/8,25,2,,,1,Melee,4,5,,,7,"Piercing, Poison",,,,,,,,,,,,,,,,,,,,,,,,,,,,,,,,,,,,,,,,,,,,,
Vine Blight,2024 Monster Manual,Medium,Plant,Neutral Evil,Forest,Forest,,None,12,19,-1,20,,,,,,2,-3,-1,0,2,-4,2,-3,-1,0,2,-4,Stealth,,,,Deafened,,60,,,,10,Common,1/2,100,2,,,1,Melee,4,10,,,6,Bludgeoning,,,,,,,,,,,,,,,,,,,,,,12,Dexterity,"Atk 1 on hit grappled and takes 4 bludgeoning every round and the vine cannot attack, Entangling Plants recharges 5-6 cast entangle",,,,,,,,,,,,,,,,,,,,,
Vine Blight Tangler, Stranger Things: Welcome to the Hellfire Club,Medium,Plant,Neutral Evil,Forest,Forest,,None,12,19,-1,20,,,,,,2,-3,-1,0,2,-4,2,-3,-1,0,2,-4,Stealth,,,,Deafened,,60,,,,10,Common,1/2,0,2,,,1,Melee,4,10,,,7,Bludgeoning,,,,,,,,,,,,,,,,,,,,,,12,Strength,"Atk 1 on hit grappled, Entangling Plants recharges 5-6 each enemy in a 10ft radius sphere on fail restrained until blight's next turn",,,,,,,,,,,,,,,,,,,,,
Violet Fungus,"2024 Monster Manual,  Stranger Things: Welcome to the Hellfire Club",Medium,Plant,Unaligned,Underdark,Underdark,,None,5,18,-5,5,,,,,,-4,-5,-5,-4,0,-5,-4,-5,-5,-4,0,-5,,,,,"Blinded, Charmed, Deafened, Frightened",,30,,,,6,None,1/4,50,2,,,2,Melee,2,10,,,4,Necrotic,,,,,,,,,,,,,,,,,,,,,,,,,,,,,,,,,,,,,,,,,,,,,
Violet Fungus Necrohulk,2024 Monster Manual,Large,Plant,Neutral Evil,Underdark,Underdark,,None,17,123,4,40,,,,,,4,-2,1,2,4,0,4,-2,1,2,4,0,,,,,"Blinded, Charmed, Deafened, Frightened, Poisoned","Necrotic, Poison",60,,,,12,None,7,"2,900",3,,,2,Melee,7,10,,,16,"Bludgeoning, Necrotic",,,,,,,,,,,,,,,,,,,,,,15,"Constitution, Strength",Spore Bomb recharges 5-6 20ft sphere on fail 28 Necrotic damage poisoned and cannot regain HP,,,,,,,,,Absorb Body within 5ft on fail restrained  and disadvantage on constitution saving throws,,,,,,,,,,,,
Vircos Magen," Netheril’s Fall: Tales of Terror, Treasure, and Time Travel",Medium,Construct,Unaligned,Any,Any,,Arcana,21,120,3,30,,,,20,,1,0,0,0,2,3,1,0,0,0,2,3,,Perception,,,"Blinded, Charmed, Deafened, Exhaustion, Frightened, Paralyzed, Petrified, Poisoned","Poison, Psychic",,,,,16,"Understands Common, plus two other language",6,"2,300",3,"Disintegration, Magic Resistance",,2,Melee,6,5,,,21,Psychic,Ranged,6,60,60,,21,Psychic,,,,,,,,,,,,,,,,,,Charisma,14,Wisdom,6,"Dancing Lights, Minor Illusion",,,"Hypnotic Pattern, Major Image",,,,,,,,,,,,,
Vrock,2024 Monster Manual,Large,Fiend (Demon),Chaotic Evil,Planar (Abyss),Planar,Abyss,Armaments,15,152,2,40,,,60,,,3,-1,2,1,4,-1,3,-1,5,4,4,2,,,,"Cold, Fire, Lightning",Poisoned,Poison,,120,,,11,"Abyssal, Telepathy",6,"2,300",3,"Demonic Restoration, Magic Resistance",,2,Melee,6,5,,,20,"Piercing, Poison",,,,,,,,,,,,,,,,,,,,,,15,Constitution,"Spores recharges on 6 within 20ft on fail poisoned and takes 5 poison damage, Stunning Screech 1/day, within 20ft on fail 10 thunder damage and stunned",,,,,,,,,,,,,,,,,,,,,
Vulkoori Stingblade,Eberrron: Forge of the Artificer,Medium,Humanoid (Elf),Neutral,None (NPC),None,NPC,None,14,27,4,30,,,,,,0,0,2,1,0,1,0,0,4,1,0,1,"Perception, Stealth",,,,,,,120,,,13,"Common, Elvish, Giant",1/2,100,2,Fey Ancestry,,1,Melee,4,5,,,7,"Piercing, Poison",Ranged,4,30/120,30,120,7,Bludgeoning,,,,,,,,,,,,,,,,,,,,,,,,,,,,,,,,,,,,,,
Vulkoori Venom Priest,Eberrron: Forge of the Artificer,Medium,Humanoid (Elf),Neutral,None (NPC),None,NPC,None,15,44,3,30,,,,,,2,0,3,3,1,1,2,0,3,5,3,1,"Perception, Religion, Stealth",,,Posion,,,,120,,,15,"Common, Elvish, Giant",2,450,2,Fey Ancestry,,1,Melee,4,5,,,9,Bludgeoning,,,,,,,,,,,,,,,,,,,,,,,,On hit taret is poisoned,Wisdom,13,Wisdom,5,"Dancing Lights, Ray of Sickness, Thaumaturgy",,,"Cure Wounds, Hold Person, Protection from Poison",Intensify Poison each creature with 30ft that is poisoned takes 3 poison damage,,,,,,,,,,,,
Vulture,2024 Monster Manual,Medium,Beast,Unaligned,"Desert, Grassland, Hill","Desert, Grassland, Hill",,None,10,5,0,10,,,50,,,-2,0,1,-4,1,-3,-2,0,1,-4,1,-3,,,,,,,,,,,13,None,0,10,2,Pack Tactics,,1,Melee,2,5,,,2,Piercing,,,,,,,,,,,,,,,,,,,,,,,,,,,,,,,,,,,,,,,,,,,,,
Warhorse,2024 Monster Manual,Large,Beast,Unaligned,Urban,Urban,,None,12,5,2,30,,,,,30,4,-4,1,1,1,-2,4,-4,1,3,1,-2,Survival,,,,,,10,,,,10,None,1/2,100,2,,,1,Melee,6,5,,,9,Bludgeoning,,,,,,,,,,,,,,,,,,,,,,,,If charging +5 to damage and gives prone,,,,,,,,,,,,,,,,,,,,,
Warhorse Skeleton,2024 Monster Manual,Large,Undead,Lawful Evil,"Planar (Shadowfell), Underdark, Urban","Planar, Underdark, Urban",Shadowfell,None,13,22,1,60,,,,,,4,-4,1,-1,2,-3,4,-4,1,-1,2,-3,,,Bludgeoning,,"Exhaustion, Poisoned",Poison,,60,,,9,None,1/2,100,2,,,1,Melee,6,5,,,7,Bludgeoning,,,,,,,,,,,,,,,,,,,,,,,,Akt 1 charge if move at least 20ft 9 extra damage and prone,,,,,,,,,,,,,,,,,,,,,
Warrior Commander,2024 Monster Manual,Medium or Small,Humanoid,Neutral,Any,Any,,Armaments,18,161,9,30,,,,,,5,2,5,3,4,2,9,2,9,7,8,2,"Athletics, Insight, Perception",,,,,,,,,,17,Common plus one other language,10,"5,900",4,,,3,Melee,9,5,,,19,Slashing,Ranged,9,150/600,150,600,18,Piercing,,,,,,,,,,,,,,,,,"Atk 1 on hit: Sap target has disadvantage on its next attack roll, Maneuver an ally can move 1/2 its speed without provoking opportunity attacks, Atk 2 on hit reduce by 10ft",,,,,,,,,Tactical Charge move 1/2 its speed without provoking opportunity attacks,Counterattack when hit +4 to AC if missed make an attack against attacker,,,,,,,,,,,
Warrior Infantry,2024 Monster Manual,Medium or Small,Humanoid,Neutral,Any,Any,,Armaments,13,9,0,30,,,,,,1,-1,0,0,0,-1,1,-1,0,0,0,-1,,,,,,,,,,,10,Common,1/8,25,2,Pack Tactics,,1,Melee,3,5,,,4,Piercing,Ranged,3,20/60,20,60,4,Piercing,,,,,,,,,,,,,,,,,,,,,,,,,,,,,,,,,,,,,,
Warrior Veteran,2024 Monster Manual,Medium or Small,Humanoid,Neutral,Any,Any,,Armaments,17,65,3,30,,,,,,3,0,1,0,2,0,3,0,1,0,2,0,"Athletics, Perception",,,,,,,,,,12,Common plus one other language,3,700,2,,,2,Melee,5,5,,,10,Slashing,Ranged,3,100/400,100,400,12,Piercing,,,,,,,,,,,,,,,,,,,,,,,,,,,Parry when hit by a melee +2 to AC,,,,,,,,,,,
Water Elemental,2024 Monster Manual,Large,Elemental,Neutral,"Coastal, Planar (Elemental Plane of Water), Swamp, Underwater","Coastal, Planar, Swamp, Underwater",Elemental Plane of Water,None,14,114,2,30,,,,,90,4,-3,2,0,4,-1,4,-3,2,0,4,-1,,,,"Acid, Fire","Exhaustion, Grappled, Paralyzed, Petrified, Poisoned, Prone, Restrained, Unconscious",Poison,,60,,,10,Primordial (Aquan),5,"1,800",3,"Freeze, Water Form",,2,Melee,7,5,,,13,Bludgeoning,,,,,,,,,,,,,,,,,,,,,,15,Strength,"Atk 1 on hit prone, Whelm recharges on 4-6 enter the same space on fail 22 bludgeoning damage grappled restrained suffocating and 9 bludgeoning damage every turn",,,,,,,,,,,,,,,,,,,,,
Water Weird,2024 Monster Manual,Large,Elemental,Neutral,"Underdark, Urban","Underdark, Urban",,None,13,65,3,5,,,,,60,3,0,3,0,1,0,3,0,3,0,1,0,,,,Fire,"Exhaustion, Grappled, Paralyzed, Petrified, Poisoned, Prone, Restrained, Unconscious",Poison,30,,,,10,Understands Primordial,3,700,2,"Invisible in Water, Water Bound",,1,Melee,5,20,,,13,Cold,,,,,,,,,,,,,,,,,,,,,,,,On hit grappled and restrained,,,,,,,,,,,,,,,,,,,,,
Weasel,2024 Monster Manual,Tiny,Beast,Unaligned,"Forest, Grassland, Hill","Forest, Grassland, Hill",,None,13,1,3,30,,30,,,,-4,-4,3,1,-1,-4,-4,-4,3,1,-1,-4,"Acrobatics, Perception, Stealth",,,,,,,60,,,13,None,0,10,2,,,1,Melee,5,5,,,1,Piercing,,,,,,,,,,,,,,,,,,,,,,,,,,,,,,,,,,,,,,,,,,,,,
Werebear,2024 Monster Manual,Medium or Small,Monstrosity (Lycanthrope),Neutral Good,"Arctic, Forest, Hill","Arctic, Forest, Hill",,Relics,15,135,3,40,,30,,,,4,0,0,1,3,1,4,0,0,1,3,1,,Perception,,,,,,60,,,17,Common,5,"1,800",3,,,2,Melee,7,5,,,17,Piercing,Melee,7,5,,,14,Slashing,Ranged,7,20/60,20,60,14,Slashing,Melee,7,5,,,13,Slashing,14,Constitution,Atk 1 on fail cursed if target drops to 0hp it becomes a werebear,,,,,,,,,Shape-shift,,,,,,,,,,,,
Wereboar,2024 Monster Manual,Medium or Small,Monstrosity (Lycanthrope),Neutral Evil,"Forest, Grassland, Hill","Forest, Grassland, Hill",,Individual,15,97,2,40,,,,,,3,0,0,0,2,-1,3,0,0,0,2,-1,Perception,,,,,,,,,,12,Common,4,"1,100",2,,,2,Melee,5,5,,,12,Piercing,Melee,7,5,,,13,Piercing,Ranged,7,30/120,30,120,13,Piercing,Melee,5,5,,,10,Piercing,12,Constitution,"Atk 1 on fail cursed if target drops to 0hp it becomes a wereboar, Atk 3 if moved 20ft before attacking on hit +7 piercing damage and prone",,,,,,,,,Shape-shift,,,,,,,,,,,,
Wererat,2024 Monster Manual,Medium or Small,Monstrosity (Lycanthrope),Lawful Evil,"Forest, Urban","Forest, Urban",,Individual,13,60,3,30,,30,,,,0,0,3,0,1,-1,0,0,3,0,1,-1,Stealth,Perception,,,,,,60,,,14,Common,2,450,2,,,2,Melee,5,5,,,8,Piercing,Melee,5,5,,,6,Slashing,Ranged,5,30/120,30,120,6,Piercing,,,,,,,,11,Constitution,Atk 1 on fail cursed if target drops to 0hp it becomes a wererat,,,,,,,,,Shape-shift,,,,,,,,,,,,
Weretiger,2024 Monster Manual,Medium or Small,Monstrosity (Lycanthrope),Neutral,"Desert, Forest, Grassland","Desert, Forest, Grassland",,Armaments,12,120,2,40,,,,,,3,0,2,1,3,0,3,0,2,1,3,0,Stealth,Perception,,,,,,60,,,15,Common,4,"1,100",2,,,2,Melee,5,5,,,12,Piercing,Melee,5,5,,,10,Slashing,Ranged,4,150/600,150,600,11,Piercing,,,,,,,,13,Constitution,Atk 1 on fail cursed if target drops to 0hp it becomes a weretiger,,,,,,,,,"Prowl, Shape-shift",,,,,,,,,,,,
Werewolf,2024 Monster Manual,Medium or Small,Monstrosity (Lycanthrope),Chaotic Evil,"Forest, Hill","Forest, Hill",,Any,15,71,4,40,,,,,,3,0,2,0,2,0,3,0,2,0,2,0,Stealth,Perception,,,,,,60,,,14,Common,3,700,2,Pack Tactics,,2,Melee,5,5,,,12,Piercing,Melee,5,5,,,10,Slashing,Ranged,4,150/600,150,600,11,Piercing,,,,,,,,12,Constitution,Atk 1 on fail cursed if target drops to 0hp it becomes a werewolf,,,,,,,,,Shape-shift,,,,,,,,,,,,
Werewyvern, Forgotten Realms: Adventures in Faerûn,Medium,Dragon (Lycanthrope),Chaotic Evil,"Hill, Mountain","Hill, Mountain",,Individual,16,152,5,30,,,40,,,4,0,2,1,5,1,4,0,5,4,5,1,"Perception, Stealth",,,,,,,120,,,14,"Common, Draconic",8,"3,900",3,Flyby,,3,Melee,7,5,,,18,Piercing,Ranged,7,30/120,30,120,18,Piercing,Melee,7,5,,,18,Slashing,Melee,7,5,,,23,"Piercing, Poison",,,,,,,,,,,,Shape-Shift,,,,,,,,,,,,
White Dragon Wyrmling,2024 Monster Manual,Medium,Dragon (Chromatic),Chaotic Evil,Arctic,Arctic,,Arcana,16,32,2,30,,15,60,,30,2,-3,0,0,2,0,2,-3,2,2,2,0,Stealth,Perception,,,,Cold,10,60,,,14,Draconic,2,450,2,Ice Walk,,2,Melee,4,5,,,8,"Slashing, Cold",,,,,,,,,,,,,,,,,,,,,,12,Constitution,Cold Breath 15ft coone 22 cold damage,,,,,,,,,,,,,,,,,,,,,
Wight,2024 Monster Manual,Medium,Undead,Neutral Evil,"Desert, Planar (Shadowfell), Swamp, Underdark, Urban","Desert, Planar, Swamp, Underdark, Urban",Shadowfell,Armaments,14,82,4,30,,,,,,2,0,2,1,3,2,2,0,2,1,3,2,"Perception, Stealth",,,Necrotic,"Exhaustion, Poisoned",Poison,,60,,,13,Common plus one other language,3,700,2,Sunlight Sensitivity,,2,Melee,4,5,,,10,"Slashing, Necrotic",Ranged,4,150/600,150,600,10,Necrotic,,,,,,,,,,,,,,,13,Constitution,Akt 1 max HP decrease by the damage taken,,,,,,,,,,,,,,,,,,,,,
Will-o’-Wisp,2024 Monster Manual,Tiny,Undead,Chaotic Evil,"Forest, Swamp, Urban","Forest, Swamp, Urban",,None,19,27,9,5,,,50,50,,-5,1,9,2,0,0,-5,1,9,2,0,0,,,,"Acid, Bludgeoning, Cold, Fire, Necrotic, Piercing, Slashing","Exhaustion, Grappled, Paralyzed, Petrified, Poisoned, Prone, Restrained, Unconscious","Lightning, Poison",,120,,,12,Common plus one other language,2,450,2,"Ephemeral, Illumination, Incorporeal Movement",,1,Melee,4,5,,,11,Lightning,,,,,,,,,,,,,,,,,,,,,,10,Constitution,,,,,,,,,,"Consume Life, within 5ft of a target with 0 HP on fail target dies wisps get 10 HP back, Vanish turns invisible",,,,,,,,,,,,
Winged Kobold,2024 Monster Manual,Small,Dragon,Neutral,"Arctic, Coastal, Desert, Forest, Hill, Mountain, Swamp, Underdark, Urban","Arctic, Coastal, Desert, Forest, Hill, Mountain, Swamp, Underdark, Urban",,Armaments,15,10,3,30,,,30,,,-2,-1,3,-2,-1,-1,-2,-1,3,-2,-1,-1,,,,,,,,60,,,8,"Common, Draconic",1/4,50,2,"Pack Tactics, Sunlight Sensitivity",,1,Melee,5,5,,,6,Piercing,Ranged,5,30,30,,6,"Acid, Cold, Fire, Lightning, or Poison",,,,,,,,,,,,,,,,,,,,,,,,,,,,,,,,,,,,,,
Winter Wolf,2024 Monster Manual,Large,Monstrosity,Neutral Evil,Arctic,Arctic,,None,13,75,1,50,,,,,,4,-2,1,1,2,-1,4,-2,1,1,2,-1,,"Perception, Stealth",,,,,,,,,15,"Common, Giant",3,700,2,Pack Tactics,,1,Melee,6,5,,,11,Piercing,,,,,,,,,,,,,,,,,,,,,,12,Constitution,"Atk 1 on hit prone, Cold Breath 15ft cone on fail 18 cold damage",,,,,,,,,,,,,,,,,,,,,
Wolf,2024 Monster Manual,Large,Beast,Unaligned,"Forest, Grassland, Hill","Forest, Grassland, Hill",,None,11,19,1,60,,,,,,2,-4,2,1,1,-2,2,-4,2,1,1,-2,Stealth,Perception,,,,,,60,,,15,None,1/4,50,2,Pack Tactics,,1,Melee,4,5,,,5,Piercing,,,,,,,,,,,,,,,,,,,,,,,,Gives the prone condition,,,,,,,,,,,,,,,,,,,,,
Worg,2024 Monster Manual,Large,Fey,Neutral Evil,"Forest, Grassland, Hill, Planar (Feywild)","Forest, Grassland, Hill, Planar",Feywild,None,13,26,1,50,,,,,,3,-2,1,0,1,-1,3,-2,1,0,1,-1,,Perception,,,,,,60,,,14,"Goblin, Worg",1/2,100,2,,,1,Melee,5,5,,,7,Piercing,,,,,,,,,,,,,,,,,,,,,,,,Akt 1 next Akt against target has advantage,,,,,,,,,,,,,,,,,,,,,
Wraith,2024 Monster Manual,Medium or Small,Undead,Neutral Evil,"Planar (Shadowfell), Underdark","Planar, Underdark",Shadowfell,None,13,67,3,5,,,60,60,,-2,1,3,2,3,2,-2,1,3,2,3,2,,,,"Acid, Bludgeoning, Cold, Fire, Necrotic, Piercing, Slashing","Charmed, Exhaustion, Grappled, Paralyzed, Petrified, Poisoned, Prone, Restrained, Unconscious","Necrotic, Poison",,60,,,12,Common plus two other languages,5,"1,800",3,"Incorporeal Movement, Sunlight Sensitivity",,1,Melee,6,5,,,21,Necrotic,,,,,,,,,,,,,,,,,,,,,,,,"Akt 1 max HP decrease by the damage taken, Create Specter within 10ft of dead rise as a specter",,,,,,,,,,,,,,,,,,,,,
Wyvern,2024 Monster Manual,Large,Dragon,Unaligned,"Hill, Mountain","Hill, Mountain",,Any,14,127,0,30,,,80,,,4,-3,0,1,3,-2,4,-3,0,1,3,-2,Perception,,,,,,,120,,,14,None,6,"2,300",6,,,2,Melee,7,5,,,13,Piercing,Melee,7,10,,,35,"Piercing, Poison",,,,,,,,,,,,,,,,,Akt 2 also causes the target to be poisoned,,,,,,,,,,,,,,,,,,,,,
Xorn,2024 Monster Manual,Medium,Elemental,Neutral,"Underdark, Planar (Elemental Plane of Earth)","Underdark, Planar",Elemental Plane of Earth,Any,19,84,0,20,20,,,,,3,0,0,0,6,0,3,0,0,0,6,0,,"Perception, Stealth",,,"Paralyzed, Petrified, Poisoned",Poison,,60,,60,16,Primordial (Terran),5,"1,800",3,"Earth Glide, Treasure Sense",,4,Melee,6,5,,,17,Piercing,Melee,6,5,,,8,Slashing,,,,,,,,,,,,,,,,,,,,,,,,,,Charge takes the dash action,,,,,,,,,,,,
Yeti,2024 Monster Manual,Large,Monstrosity,Chaotic Evil,Arctic,Arctic,,Any,12,51,1,40,,40,,,,4,-1,1,1,3,-2,4,-1,1,1,3,-2,,"Perception, Stealth",,,,Cold,,60,,,15,Yeti,3,700,2,Fear of Fire,,3,Melee,6,5,,,10,"Slashing, Cold",Ranged,6,30/120,30,120,8,"Bludgeoning, Cold",,,,,,,,,,,,,,,13,Constitution,Chilling Gaze within 30ft on fail 5 cold damage and paralyzed,,,,,,,,,,,,,,,,,,,,,
Yochlol,2024 Monster Manual,Medium,Fiend (Demon),Chaotic Evil,Planar (Abyss),Planar,Abyss,None,15,153,8,30,,30,,,,2,1,4,2,4,3,2,5,8,6,4,7,Insight,Deception,,"Cold, Fire, Lightning",Poisoned,Poison,,120,,,12,"Abyssal, Elvish, Undercommon",10,"5,900",4,"Demonic Restoration, Magic Resistance, Spider Climb, Web Walker",,3,Melee,8,10,,,25,Acid,Ranged,8,120,120,,25,Acid,,,,,,,,,,,,,,,15,Constitution,,Charisma,15,"Dexterity, Wisdom",7,"Detect Thoughts, Gaseous Form (self), Web",,,Dominate Person,Shape-shift,Toxic Escape when hit 1/2 damage and teleport 30ft any creature within 5ft on fail poisoned and incapacitated,,,,,,,,,,,
Young Black Dragon,2024 Monster Manual,Large,Dragon (Chromatic),Chaotic Evil,Swamp,Swamp,,Relics,18,127,5,40,,,80,,40,4,1,2,0,3,2,4,1,5,3,3,2,Stealth,Perception,,,,Acid,30,120,,,16,"Common, Draconic",7,"2,900",3,,,3,Melee,7,10,,,12,"Slashing, Acid",,,,,,,,,,,,,,,,,,,,,,14,Dexterity,Acid Breath recharges on 5-6 Dex save 30ft 5ft wide line 49 Acid,,,,,,,,,,,,,,,,,,,,,
Young Blue Dragon,2024 Monster Manual,Large,Dragon (Chromatic),Lawful Evil,"Coastal, Desert","Coastal, Desert",,Relics,18,152,4,40,20,,80,,,5,2,0,1,4,3,5,2,4,5,4,3,Stealth,Perception,,,,Lightning,30,120,,,19,"Common, Draconic",9,"5,000",4,,,3,Melee,9,10,,,17,"Slashing, Lighting",,,,,,,,,,,,,,,,,,,,,,16,Dexterity,Lightning Breath recharges on 5-6 60ft 5ft wide line 55 lightning,,,,,,,,,,,,,,,,,,,,,
Young Brass Dragon,2024 Monster Manual,Large,Dragon (Metallic),Chaotic Good,Desert,Desert,,Arcana,17,110,3,40,20,,80,,,4,1,0,0,3,2,4,1,3,3,3,2,"Persuasion, Stealth",Perception,,,,Fire,30,120,,,16,"Common, Draconic",6,"2,300",3,,,3,Melee,7,10,,,15,Slashing,,,,,,,,,,,,,,,,,,,,,,14,"Dexterity, Constitution","Fire Breath recharges on 5-6 40ft 5ft wide line 38 fire damage, Sleep Breath 30ft coone cause incapacitated and possibly unconscious",,,,,,,,,,,,,,,,,,,,,
Young Bronze Dragon,2024 Monster Manual,Large,Dragon (Metallic),Lawful Good,Coastal,Coastal,, Implements,17,142,3,40,,,80,,40,5,2,0,1,4,3,5,2,3,4,4,3,"Insight, Stealth",Perception,,,,Lightning,30,120,,,17,"Common, Draconic",8,"3,900",3,Amphibious,,3,Melee,8,10,,,16,Slashing,,,,,,,,,,,,,,,,,,,,,,15,"Dexterity, Strength","Lightning Breath recharges on 5-6 60ft 5ft wide line 49 lightning, Repulsion Breath 30ft coone targets are pushed 40ft and are prone",,,,,,,,,,,,,,,,,,,,,
Young Copper Dragon,2024 Monster Manual,Large,Dragon (Metallic),Chaotic Good,Hill,Hill,,Arcana,17,119,4,40,,40,80,,,4,3,1,1,3,2,4,3,4,4,3,2,"Deception, Stealth",Perception,,,,Acid,30,120,,,17,"Common, Draconic",7,"2,900",3,,,3,Melee,7,10,,,15,Slashing,,,,,,,,,,,,,,,,,,,,,,14,"Dexterity, Constitution","Acid Breath recharges on 5-6 40ft 5ft wide line 40 acid damage, Slowing Breath 30ft coone target's speed is halved and can't take reactions, and either an action or bonus action",,,,,,,,,,,,,,,,,,,,,
Young Deep Dragon, Forgotten Realms: Adventures in Faerûn,Large,Dragon,Neutral Evil,Underdark,Underdark,,Arcana,16,93,4,40,20,,80,,40,4,1,1,2,3,3,4,1,4,5,3,3,,"Perception, Stealth",,"Poison, Psychic","Charmed, Frightened, Poisoned",,30,150,,,18,"Common, Draconic, Undercommon",5,"1,800",3,,,3,Melee,7,10,,,14,"Slashing, Poison",,,,,,,,,,,,,,,,,,,,,,14,Wisdom,30ft Cone on fail 22 psychic damage and frightened,,,,,,,,,,,,,,,,,,,,,
Young Gold Dragon,2024 Monster Manual,Large,Dragon (Metallic),Lawful Good,Grassland,Grassland,,Arcana,18,178,6,40,,,80,,40,6,3,2,1,5,5,6,3,6,5,5,5,"Insight, Persuasion, Stealth",Perception,,,,Fire,30,120,,,19,"Common, Draconic",10,"5,900",4,Amphibious,,3,Melee,10,10,,,17,Slashing,,,,,,,,,,,,,,,,,,,,,,17,"Dexterity, Strength","Fire Breath recharge on 5-6 30ft coone 55 fire damage, Waking Breath 30ft coone disadvantage on strength-based rolls and -3 on damage rolls",,,,,,,,,,,,,,,,,,,,,
Young Green Dragon,2024 Monster Manual,Large,Dragon (Chromatic),Lawful Evil,Forest,Forest,,Arcana,18,136,4,40,,,80,,40,4,3,1,1,3,2,4,3,4,4,3,2,"Deception, Stealth",Perception,,,Poisoned,Poison,30,120,,,17,"Common, Draconic",8,"3,900",3,Amphibious,,3,Melee,7,10,,,18,"Slashing, Poison",,,,,,,,,,,,,,,,,,,,,,14,Constitution,poison Breath recharge 5-6 30ft coone 42 poison damage,,,,,,,,,,,,,,,,,,,,,
Young Red Dragon,2024 Monster Manual,Large,Dragon (Chromatic),Chaotic Evil,"Hill, Mountain","Hill, Mountain",,Any,18,178,4,40,,40,80,,,6,2,0,0,5,4,6,2,4,4,5,4,Stealth,Perception,,,,Fire,30,120,,,18,"Common, Draconic",10,"5,900",4,,,3,Melee,10,10,,,16,"Slashing, Fire",,,,,,,,,,,,,,,,,,,,,,17,Dexterity,Fire Breath recharge on 5-6 30ft coone 56 fire damage,,,,,,,,,,,,,,,,,,,,,
Young Remorhaz,2024 Monster Manual,Large,Monstrosity,Unaligned,Arctic,Arctic,,None,14,93,1,30,20,,,,,4,-4,1,0,3,-3,4,-4,1,0,3,-3,,,,,,"Cold, Fire",,60,,60,10,None,5,"1,800",3,Heat Aura,,1,Melee,7,5,,,28,"Piercing, Fire",,,,,,,,,,,,,,,,,,,,,,,,,,,,,,,,,,,,,,,,,,,,,
Young Silver Dragon,2024 Monster Manual,Large,Dragon (Metallic),Lawful Good,"Mountain, Urban","Mountain, Urban",,Arcana,18,168,4,40,,,80,,,6,2,0,0,5,4,6,2,4,4,5,4,"History, Stealth",Perception,,,,Cold,30,120,,,18,"Common, Draconic",9,"5,000",4,,,3,Melee,10,10,,,15,Slashing,,,,,,,,,,,,,,,,,,,,,,17,Constitution,"Cold Breath 30ft coone 49 cold damage, Paralyzing breath 30ft coone on fail causes incapacitated second fail paralyzed",,,,,,,,,,,,,,,,,,,,,
Young Spirit Dragon, Forgotten Realms: Adventures in Faerûn,Large,Dragon,Neutral,Any,Any,,Any,17,152,4,40,30,,80,,,4,3,1,2,4,3,4,3,4,2,7,3,"Insight, Perception, Stealth",,,Necrotic,,,30,120,,,15,"Common, Draconic, telepathy",8,"3,900",3,,,3,Melee,7,10,,,21,"Slashing, Necrotic",,,,,,,,,,,,,,,,,,,,,,15,"Constitution, Wisdom","Ruinous Breath: 30ft cone con save on fail 36 necrotic damage, TimeWarping Breath: 30ft cone wis save on fail target's speed is 1/2 and can only take a bonus action or an action",,,,,,,,,,,,,,,,,,,,,
Young White Dragon,2024 Monster Manual,Large,Dragon (Chromatic),Chaotic Evil,Arctic,Arctic,,Arcana,17,123,3,40,20,,80,,40,4,-2,0,0,4,1,4,2,3,3,4,1,Stealth,Perception,,,,Cold,30,120,,,16,"Common, Draconic",6,"2,300",3,Ice Walk,,3,Melee,7,10,,,11,"Slashing, Cold",,,,,,,,,,,,,,,,,,,,,,15,Constitution,Cold Breath 30ft coone 40 cold damage,,,,,,,,,,,,,,,,,,,,,
Yuan-ti Abomination,2024 Monster Manual,Large,Monstrosity,Neutral Evil,"Desert, Forest, Swamp, Urban","Desert, Forest, Swamp, Urban",,Relics,15,127,6,40,,30,,,,4,3,3,4,3,2,4,3,3,4,3,2,"Perception, Stealth",,,,Poisoned,Poison,,60,,,17,"Abyssal, Common, Draconic",7,"2,900",3,Magic Resistance,,3,Melee,7,5,,,21,"Piercing, Poison",,,,,,,,,,,,,,,,,,,,,,15,"Strength, Constitution","Constrict a target within 5ft on fail 28 Bludgeoning damage grappled and restrained, Poison Spray recharges 5-6 30ft cone on fail 21 poison damage poisoned and blinded",Wisdom,15,Wisdom,7,Animal Friendship,Suggestion,,,Shape-shift,,,,,,,,,,,,
Yuan-ti Infiltrator,2024 Monster Manual,Medium,Monstrosity,Neutral Evil,"Desert, Forest, Swamp, Urban","Desert, Forest, Swamp, Urban",,Relics,11,40,1,30,,,,,,0,1,1,2,0,1,0,1,1,2,0,1,"Perception, Stealth",Deception,,,Poisoned,Poison,,60,,,14,"Abyssal, Common, Draconic",1,200,2,Magic Resistance,,2,Melee,3,5,,,4,Slashing,Ranged,4,120,120,,9,Poison,,,,,,,,,,,,,,,,,,Wisdom,12,Wisdom,4,Animal Friendship,,Suggestion,,,,,,,,,,,,,,
Yuan-ti Malison (Type 1),2024 Monster Manual,Medium,Monstrosity,Neutral Evil,"Desert, Forest, Swamp, Urban","Desert, Forest, Swamp, Urban",,Relics,12,66,2,30,,30,,,,3,2,2,3,1,1,3,2,2,3,1,1,Stealth,Stealth,,,Poisoned,Poison,,60,,,13,"Abyssal, Common, Draconic",3,700,2,Magic Resistance,,3,Melee,5,5,,,12,"Piercing, Poison",Ranged,5,120,120,,12,Poison,,,,,,,,,,,,,,,,,,Wisdom,13,Wisdom,5,Animal Friendship,,Suggestion,,Shape-shift,,,,,,,,,,,,
Yuan-ti Malison (Type 2),2024 Monster Manual,Medium,Monstrosity,Neutral Evil,"Desert, Forest, Swamp, Urban","Desert, Forest, Swamp, Urban",,Relics,12,66,2,30,,30,,,,3,2,2,3,1,1,3,2,2,3,1,1,Stealth,Stealth,,,Poisoned,Poison,,60,,,13,"Abyssal, Common, Draconic",3,700,2,Magic Resistance,,3,Melee,5,10,,,14,"Piercing, Poison",,,,,,,,,,,,,,,,,,,,,,,,,Wisdom,13,Wisdom,5,Animal Friendship,,Suggestion,,Shape-shift,,,,,,,,,,,,
Yuan-ti Malison (Type 3),2024 Monster Manual,Medium,Monstrosity,Neutral Evil,"Desert, Forest, Swamp, Urban","Desert, Forest, Swamp, Urban",,Relics,12,66,2,30,,30,,,,3,2,2,3,1,1,3,2,2,3,1,1,Stealth,Stealth,,,Poisoned,Poison,,60,,,13,"Abyssal, Common, Draconic",3,700,2,Magic Resistance,,3,Melee,5,5,,,12,Poison,Ranged,5,120,120,,12,Poison,,,,,,,,,,,,,,,13,Strength,Constrict a target within 5ft on fail 21 Bludgeoning damage grappled and restrained,Wisdom,13,Wisdom,5,Animal Friendship,,Suggestion,,Shape-Shift,,,,,,,,,,,,
Zhentilar Paladin of Bane, Forgotten Realms: Adventures in Faerûn,Medium or Small,Humanoid,Lawful Evil,Any,Any,,Armaments,18,58,0,30,,,,,,3,1,0,1,2,3,5,1,0,1,2,5,"Athletics, Religion",Intimidation,,,,,,,,,11,Common,4,"1,100",2,Aura of Dread,,3,Melee,5,5,,,14,"Bludgeoning, Necrotic",Ranged,5,90,90,,16,Psychic,,,,,,,,,,,,,,,,,,Charisma,13,Wisdom,5,,,,"Command, Fear",,,,,,,,,,,,,
Zhentilar Soldier, Forgotten Realms: Adventures in Faerûn,Medium or Small,Humanoid,Lawful Evil,Any,Any,,Armaments,13,22,2,30,,,,,,2,0,2,0,1,0,2,0,4,0,3,0,"Acrobatics, Athletics",,,,,,,,,,10,Common,1,200,2,,,2,Melee,4,5,,,7,"Piercing, Poison",Ranged,4,80/320,80,320,7,Piercing,,,,,,,,,,,,,,,12,Strength,Knock Down: One creature within 5ft on fail 4 bludgeoning and prone,,,,,,,,,,,,,,,,,,,,,
Zlan, Forgotten Realms: Adventures in Faerûn,Huge,Undead (Wizard),Chaotic Evil,None (NPC),None,NPC,None (NPC),18,199,7,30,,,,,,5,5,1,4,4,2,5,11,7,10,10,2,"History, Perception",Arcana,,"Lightning, Necrotic","Charmed, Exhaustion, Frightened, Paralyzed, Poisoned","Cold, Poison",,,120,,20,All,18,"20,000",6,"Chardalyn Sense, Magic Resistance, Next of the Seven",3,3,Melee,11,10,,,34,"Bludgeoning, Necrotic",Ranged,11,120,120,,27,Psychic,,,,,,,,,,,,,,,,,Atk 2 on hit charmed,Intelligence,19,"Dexterirty, Intelligence, Wisdom",11,"Counterspell, Detect Magic, Detect Thoughts, Dispel Magic, Mage Hand, Message",,"Dimension Door, Fly, Scrying","Befuddlement, Disintegrate",,Counterspell,3,19,Wisdom,"Retaliation: makes an atk, Stoke Paranoia: one creature within 30ft on fail 27 psychic damage and charmed",,,,,,,
Zombie,2024 Monster Manual,Medium,Undead (Zombie),Neutral Evil,"Planar (Shadowfell), Underdark, Urban","Planar, Underdark, Urban",Shadowfell,None,8,15,-2,20,,,,,,1,-4,-2,-2,3,-3,1,-4,-2,0,3,-3,Survival,,,,"Exhaustion, Poisoned",Poison,,60,,,8,What it knew in a past life,1/4,50,2,Undead Fortitude,,1,Melee,3,5,,,4,Bludgeoning,,,,,,,,,,,,,,,,,,,,,,,,,,,,,,,,,,,,,,,,,,,,,